id,year,Hispanic,Female,Grades,tobacco,alcohol,mj,sibsmoke,sibdrink,adultdrink,year_value,present,school,has_sib,exposure_smoke,exposure_drink,exposure_mj
2,1,0,1,5,0,0,0,0,0,1,2010,1,111,1,-1,-1,-1
2,3,0,1,4,0,0,0,0,0,0,2012,1,111,1,0,0,0
2,4,0,1,4.5,0,0,0,0,0,1,2013,1,111,1,0,0,0
3,1,1,1,2.5,0,1,1,0,0,1,2010,1,111,1,-1,-1,-1
3,4,1,1,1.5,1,1,1,0,1,0,2013,1,111,1,1,1,1
5,1,1,1,2.5,0,0,1,0,0,0,2010,1,111,1,-1,-1,-1
5,2,1,1,2.5,0,1,1,0,0,0,2011,1,111,1,0.4,0.6,0.2
5,4,1,1,2.5,1,1,1,1,0,0,2013,1,111,1,0.285714285714286,0.714285714285714,0.428571428571429
6,3,1,0,3.5,0,1,0,0,0,0,2012,1,111,1,0,0,0
6,4,1,0,4.5,0,1,0,0,0,0,2013,1,111,1,0.4,0.8,0.6
7,1,0,1,4.5,0,0,0,0,0,1,2010,1,111,1,-1,-1,-1
7,2,0,1,3.5,0,0,0,0,0,0,2011,1,111,1,0.25,0.25,0
7,4,0,1,4.5,0,0,0,1,0,0,2013,1,111,1,0,0,0
8,1,1,1,3,0,0,0,0,0,0,2010,1,111,1,-1,-1,-1
8,2,1,1,3.33333333333333,0,0,0,0,0,0,2011,1,111,1,0.333333333333333,1,0.333333333333333
8,3,1,1,3.5,0,0,0,0,0,1,2012,1,111,1,0.142857142857143,0.428571428571429,0
8,4,1,1,3.5,0,0,0,0,0,0,2013,1,111,1,0.2,0.8,0.4
9,1,1,0,4.5,1,1,0,0,0,1,2010,1,111,1,-1,-1,-1
9,2,1,0,4.5,1,1,0,0,0,0,2011,1,111,1,0.333333333333333,0.5,0.333333333333333
9,4,1,0,4.5,1,1,1,0,0,0,2013,1,111,1,0.333333333333333,1,0.666666666666667
10,2,1,0,3.33333333333333,0,0,0,0,0,0,2011,1,111,1,0,0,0
10,3,1,0,3.5,0,0,0,0,0,1,2012,1,111,1,0.25,0.5,0.25
10,4,1,0,3.5,0,0,0,0,0,0,2013,1,111,1,0,0.5,0
11,1,1,1,3.5,0,1,0,0,0,0,2010,1,111,0,-1,-1,-1
11,2,1,1,3.5,0,1,1,0,0,1,2011,1,111,1,0,0,0
11,3,1,1,3.5,0,1,1,0,0,0,2012,1,111,1,0,0,0
12,2,0,1,5,0,0,0,0,0,0,2011,1,111,1,0,0,0
12,3,0,1,5,0,0,0,0,0,0,2012,1,111,1,0,0,0
12,4,0,1,5,0,0,0,0,0,0,2013,1,111,1,0,0.2,0
13,3,1,1,3,0,1,1,0,0,1,2012,1,111,0,0,0,0
13,4,1,1,2.5,0,1,1,0,0,0,2013,1,111,0,0.666666666666667,1,0.833333333333333
14,2,1,1,3.5,0,0,0,0,0,0,2011,1,111,1,0,0.666666666666667,0
14,3,1,1,3.5,0,0,0,0,0,0,2012,1,111,1,0,0.75,0
14,4,1,1,4,0,0,0,0,0,0,2013,1,111,1,0,0.6,0.2
15,2,1,1,4.5,0,1,0,0,0,1,2011,1,111,1,0.166666666666667,0.166666666666667,0
15,4,1,1,4.5,0,1,1,0,1,1,2013,1,111,1,0.3,0.7,0.4
17,2,0,0,4.25,0,0,0,0,0,0,2011,1,111,1,0,0,0
17,3,0,0,5,0,0,0,0,0,0,2012,1,111,1,0,0,0
17,4,0,0,3.5,0,0,0,0,0,0,2013,1,111,0,0,0,0
18,1,0,1,5,0,0,0,0,0,0,2010,1,111,1,-1,-1,-1
18,2,0,1,4.5,0,0,0,0,0,0,2011,1,111,1,0,0,0
18,4,0,1,4.5,0,0,0,0,0,0,2013,1,111,1,0,0,0
19,2,1,0,1.5,0,0,0,0,0,0,2011,1,111,1,0.5,0.5,0.166666666666667
19,3,1,0,2.5,0,1,0,0,0,0,2012,1,111,1,0.375,0.5,0.75
19,4,1,0,2.5,0,1,1,0,0,1,2013,1,111,1,0.166666666666667,0.333333333333333,0.166666666666667
20,1,0,1,4,0,0,0,0,0,1,2010,1,111,1,-1,-1,-1
20,2,0,1,4.5,0,0,0,0,0,1,2011,1,111,1,0,0.333333333333333,0
20,3,0,1,4.5,0,0,0,0,0,0,2012,1,111,1,0.25,0.5,0.5
20,4,0,1,4.5,0,0,0,0,0,1,2013,1,111,1,0,0.4,0.2
21,1,1,0,3.5,0,0,0,0,0,1,2010,1,111,1,-1,-1,-1
21,3,1,0,4.5,0,0,0,0,0,1,2012,1,111,1,0,0,0
21,4,1,0,4.5,0,0,0,0,1,1,2013,1,111,1,0,0,0
22,1,0,0,5,0,0,0,0,0,0,2010,1,111,1,-1,-1,-1
22,2,0,0,5,0,0,0,0,0,0,2011,1,111,1,0.2,0.2,0.2
22,4,0,0,4.5,0,0,0,0,0,1,2013,1,111,1,0,0,0
23,3,1,0,3.5,0,1,0,0,0,1,2012,1,111,1,0,0,0
23,4,1,0,3.5,1,1,1,0,1,1,2013,1,111,1,1,0.5,1
25,2,1,1,3,0,1,1,1,0,1,2011,1,111,1,0,0,0
25,4,1,1,3,0,1,1,1,1,1,2013,1,111,1,0,0,0
26,1,0,0,5,0,0,0,0,0,0,2010,1,111,0,-1,-1,-1
26,2,0,0,4.75,0,0,0,0,0,0,2011,1,111,0,0.125,0.125,0.125
26,4,0,0,4.5,0,0,0,0,0,0,2013,1,111,1,0,0,0
28,3,1,1,4.5,0,0,0,0,0,1,2012,1,111,1,0,0.5,0.5
28,4,1,1,3,0,1,0,0,1,1,2013,1,111,1,0,0.333333333333333,0.333333333333333
30,1,0,1,5,0,0,0,0,0,1,2010,1,111,1,-1,-1,-1
30,2,0,1,5,0,0,0,0,0,1,2011,1,111,1,0,0,0
30,4,0,1,5,0,0,0,0,0,0,2013,1,111,1,0,0,0
31,2,1,0,3.5,0,0,0,0,0,1,2011,1,111,1,0.333333333333333,0.666666666666667,0.333333333333333
31,3,1,0,3.5,0,1,0,0,0,0,2012,1,111,1,0.5,1,0.5
31,4,1,0,3,0,1,1,0,1,0,2013,1,111,1,0.375,0.875,0.5
33,2,1,0,1.5,0,1,0,0,0,1,2011,1,111,1,0.142857142857143,0.571428571428571,0
33,4,1,0,1.5,0,1,0,0,0,0,2013,1,111,0,0,0,0
34,1,0,1,4.5,0,0,0,0,0,0,2010,1,111,1,-1,-1,-1
34,2,0,1,4.5,0,0,0,0,0,0,2011,1,111,1,0,0.1,0
34,4,0,1,4.5,0,1,0,0,1,1,2013,1,111,1,0,0,0
35,1,1,1,4.5,0,0,0,1,1,1,2010,1,111,1,-1,-1,-1
35,2,1,1,4.5,0,0,0,0,0,1,2011,1,111,1,0.2,0.6,0.2
35,3,1,1,4,0,0,0,1,0,1,2012,1,111,1,0,0.6,0
35,4,1,1,5,0,0,0,1,1,1,2013,1,111,1,0,1,0
36,2,0,0,4.75,0,0,0,0,0,0,2011,1,111,1,0.0769230769230769,0.307692307692308,0.0769230769230769
36,4,0,0,5,0,0,0,0,0,0,2013,1,111,1,0,0,0
37,1,1,1,3,0,1,0,0,0,1,2010,1,111,1,-1,-1,-1
37,2,1,1,2.5,0,1,0,0,0,1,2011,1,111,1,0,0,0
37,4,1,1,2.5,1,1,1,0,1,1,2013,1,111,1,0,0,0
38,1,0,0,4.5,0,0,0,0,0,1,2010,1,111,1,-1,-1,-1
38,2,0,0,4.5,0,0,0,1,0,1,2011,1,111,1,0.333333333333333,0.333333333333333,0.666666666666667
38,4,0,0,4.5,0,1,0,0,1,1,2013,1,111,1,0,0,0
39,3,1,1,2.5,0,1,1,0,0,1,2012,1,111,1,0,0,0
39,4,1,1,2.5,0,1,1,0,0,1,2013,1,111,1,0.428571428571429,0.714285714285714,0.571428571428571
40,1,1,1,3,0,0,0,0,0,1,2010,1,111,1,-1,-1,-1
40,2,1,1,3.25,0,0,0,0,0,0,2011,1,111,1,0,0.333333333333333,0
40,4,1,1,3.5,0,1,1,0,1,0,2013,1,111,1,0,0,0
41,1,0,1,5,0,0,0,0,0,1,2010,1,111,1,-1,-1,-1
41,2,0,1,5,0,0,0,0,0,0,2011,1,111,1,0,0,0
41,4,0,1,5,0,0,0,0,0,0,2013,1,111,1,0,0,0
42,1,0,0,3.5,0,0,0,0,0,0,2010,1,111,1,-1,-1,-1
42,2,0,0,3.5,0,0,0,0,0,0,2011,1,111,1,0,0,0
42,4,0,0,3.5,0,0,0,0,0,0,2013,1,111,1,0,0,0
43,1,1,1,3.5,0,1,0,0,0,0,2010,1,111,1,-1,-1,-1
43,2,1,1,3.5,0,1,0,0,0,0,2011,1,111,1,0,0.5,0
43,4,1,1,3.5,0,1,1,0,0,0,2013,1,111,1,0,0,0
44,1,0,0,4,0,0,0,0,0,1,2010,1,111,1,-1,-1,-1
44,2,0,0,4.5,0,0,0,0,0,0,2011,1,111,1,0,1,0
44,3,0,0,4.5,0,1,0,0,0,1,2012,1,111,1,0.5,0.5,0.5
44,4,0,0,4,0,1,0,0,1,1,2013,1,111,1,0.428571428571429,0.571428571428571,0.714285714285714
45,1,0,0,5,0,0,0,0,0,0,2010,1,111,1,-1,-1,-1
45,2,0,0,4.5,0,0,0,0,0,0,2011,1,111,1,0,0,0
45,4,0,0,4.5,0,0,0,0,0,1,2013,1,111,1,0,0,0
46,1,0,1,5,0,0,0,0,0,1,2010,1,111,1,-1,-1,-1
46,2,0,1,4.5,0,0,0,0,0,1,2011,1,111,1,0,0,0
46,4,0,1,4,0,1,0,0,0,1,2013,1,111,1,0,0,0
48,3,1,1,4.5,0,0,0,0,0,0,2012,1,111,1,0,0,0
48,4,1,1,4.5,0,0,0,0,0,0,2013,1,111,1,0.363636363636364,0.727272727272727,0.454545454545455
49,3,1,1,3.5,0,1,1,0,0,1,2012,1,111,1,0,0,0
49,4,1,1,4.5,0,1,1,1,1,1,2013,1,111,1,0.333333333333333,0.777777777777778,0.444444444444444
51,1,0,0,4.5,0,0,0,0,0,1,2010,1,111,1,-1,-1,-1
51,2,0,0,4.5,0,0,0,1,0,0,2011,1,111,1,0,0.333333333333333,0.166666666666667
51,3,0,0,4.5,0,1,0,0,1,1,2012,1,111,1,0,0.333333333333333,0.333333333333333
52,1,0,0,3,0,0,0,0,0,0,2010,1,111,1,-1,-1,-1
52,2,0,0,2.5,0,0,0,0,0,0,2011,1,111,1,0,0.142857142857143,0.0714285714285714
52,3,0,0,3,0,0,0,0,0,0,2012,1,111,1,0,0,0.2
52,4,0,0,3,0,0,0,0,0,0,2013,1,111,1,0,1,0
53,2,1,1,3.5,0,1,0,0,0,1,2011,1,111,1,0,0.25,0
53,3,1,1,3.5,0,1,0,0,0,0,2012,1,111,1,0,0,0
53,4,1,1,3.5,0,1,0,1,1,1,2013,1,111,1,0,0.5,0.5
54,2,1,0,4.5,0,0,0,0,0,1,2011,1,111,1,0.428571428571429,0.428571428571429,0.428571428571429
54,3,1,0,3.5,0,0,0,0,0,1,2012,1,111,1,0.333333333333333,0.666666666666667,0.666666666666667
54,4,1,0,3.5,0,0,0,0,0,1,2013,1,111,1,0.5,0.75,0.5
55,1,1,0,2.5,0,0,0,0,0,1,2010,1,111,1,-1,-1,-1
55,4,1,0,2.5,1,1,1,1,1,1,2013,1,111,1,1,1,1
56,3,1,0,2.5,0,0,0,0,0,1,2012,1,111,1,0,0,0
56,4,1,0,3,1,0,0,0,0,1,2013,1,111,1,1,1,1
57,1,0,0,3.5,0,0,0,0,0,0,2010,1,111,1,-1,-1,-1
57,2,0,0,4.5,0,0,0,0,0,1,2011,1,111,0,0.25,0.5,0.25
57,3,0,0,3.5,0,1,0,0,0,1,2012,1,111,1,0,0.2,0.2
57,4,0,0,3.5,0,1,0,0,0,0,2013,1,111,1,0.2,0.4,0
58,3,1,1,4,0,0,0,0,0,1,2012,1,111,1,0,0,0
58,4,1,1,4.5,0,0,0,0,0,1,2013,1,111,1,0,0.5,0
59,2,0,1,2.5,0,0,0,0,0,1,2011,1,111,1,0,0,0
59,3,0,1,2.5,0,0,0,0,0,0,2012,1,111,1,0.0833333333333333,0.166666666666667,0
59,4,0,1,2.5,0,0,0,0,0,1,2013,1,111,1,0,0,0
60,1,0,1,4.5,0,0,0,0,0,0,2010,1,111,1,-1,-1,-1
60,2,0,1,5,0,0,0,0,0,0,2011,1,111,1,0,0,0
60,4,0,1,4.5,0,1,0,0,0,0,2013,1,111,1,0,0,0
62,2,1,1,5,0,1,0,0,0,0,2011,1,111,1,0.166666666666667,0.5,0.166666666666667
62,4,1,1,5,0,1,0,0,0,1,2013,1,111,1,0,0,0
63,1,0,1,4,0,0,0,0,0,0,2010,1,111,1,-1,-1,-1
63,2,0,1,4.5,0,0,0,0,0,1,2011,1,111,1,0,0,0
63,3,0,1,4.5,0,0,0,0,0,1,2012,1,111,1,0,0.333333333333333,0
63,4,0,1,4.5,0,0,0,0,0,1,2013,1,111,1,0,0.666666666666667,0
64,3,0,0,4.5,0,1,0,0,0,0,2012,1,111,1,0,0,0
64,4,0,0,3.5,0,1,0,0,1,0,2013,1,111,1,0,0.5,0.5
66,1,1,0,3.5,0,0,0,0,0,0,2010,1,111,1,-1,-1,-1
66,2,1,0,3.5,0,0,0,0,0,0,2011,1,111,1,0,0,0
66,3,1,0,3.5,0,0,0,0,0,1,2012,1,111,1,0,0,0
66,4,1,0,4.5,0,0,0,0,1,1,2013,1,111,1,0,0,0
68,1,1,0,3.5,0,0,0,0,0,1,2010,1,111,1,-1,-1,-1
68,2,1,0,3.5,0,0,0,0,0,1,2011,1,111,1,0,1,0
69,3,0,0,5,0,0,0,0,0,0,2012,1,111,1,0,0,0
69,4,0,0,4.5,0,0,0,0,0,0,2013,1,111,1,0,0,0
70,1,1,1,3.5,0,1,1,0,1,0,2010,1,111,1,-1,-1,-1
70,3,1,1,3.5,0,1,1,0,0,1,2012,1,111,1,0,0,0
70,4,1,1,3.5,0,1,1,0,1,0,2013,1,111,1,0.5,1,0.5
71,1,1,1,3,0,1,0,0,0,1,2010,1,111,1,-1,-1,-1
71,2,1,1,3.5,0,1,0,0,0,1,2011,1,111,1,0.333333333333333,0.333333333333333,0.333333333333333
71,3,1,1,3.5,0,1,0,0,0,1,2012,1,111,1,1,1,1
71,4,1,1,3.5,1,1,1,0,0,1,2013,1,111,1,0.75,1,0.75
72,1,1,0,4.5,0,1,0,0,0,0,2010,1,111,1,-1,-1,-1
72,4,1,0,3.5,0,1,1,0,0,0,2013,1,111,1,0,0,0
74,1,1,1,3.5,0,0,0,0,0,1,2010,1,111,1,-1,-1,-1
74,3,1,1,3.5,0,0,0,0,0,1,2012,1,111,1,0,0,0
74,4,1,1,3.5,0,0,0,1,1,0,2013,1,111,1,0.2,0.6,0.6
75,1,1,1,4.5,0,1,0,1,0,1,2010,1,111,1,-1,-1,-1
75,2,1,1,4,0,1,1,1,0,1,2011,1,111,1,0.2,0.5,0.4
75,4,1,1,4.5,1,1,1,1,1,0,2013,1,111,1,0.571428571428571,0.714285714285714,0.571428571428571
77,1,0,0,5,0,0,0,0,0,0,2010,1,111,1,-1,-1,-1
77,2,0,0,5,0,0,0,0,0,0,2011,1,111,1,0.333333333333333,0.333333333333333,0.333333333333333
77,4,0,0,4.5,0,0,0,0,0,0,2013,1,111,1,0,0,0
78,1,1,1,2.5,0,0,0,0,0,1,2010,1,111,1,-1,-1,-1
78,2,1,1,3,0,0,0,0,0,1,2011,1,111,1,0,0,0
78,4,1,1,2.75,0,0,0,0,0,1,2013,1,111,1,0,0,0
79,1,1,0,3.5,0,0,1,0,0,0,2010,1,111,1,-1,-1,-1
79,2,1,0,3,0,0,1,0,0,1,2011,1,111,0,0,0,0
79,3,1,0,2.5,0,0,1,1,0,1,2012,1,111,1,0.714285714285714,0.714285714285714,0.714285714285714
80,1,1,0,4.5,0,0,0,0,0,0,2010,1,111,1,-1,-1,-1
80,2,1,0,4.5,0,0,0,0,0,0,2011,1,111,1,0,0.333333333333333,0
80,3,1,0,4.5,0,1,0,0,0,0,2012,1,111,1,0,0.333333333333333,0
80,4,1,0,4.5,0,1,1,0,0,0,2013,1,111,1,0,0.5,0
81,1,1,0,3.5,0,0,0,1,0,1,2010,1,111,1,-1,-1,-1
81,2,1,0,3.5,0,0,0,1,0,1,2011,1,111,1,0,0.5,0
81,4,1,0,2.5,0,1,0,1,1,0,2013,1,111,1,0,0,0
82,1,1,0,5,0,0,0,0,0,1,2010,1,111,1,-1,-1,-1
82,2,1,0,4.5,0,0,0,0,0,1,2011,1,111,1,0,0,0
82,3,1,0,4,0,0,0,1,0,1,2012,1,111,1,0.5,0.5,0.5
82,4,1,0,4.5,0,0,0,0,0,1,2013,1,111,1,0.5,0.5,0.5
83,1,1,0,3.5,0,0,0,0,0,1,2010,1,111,1,-1,-1,-1
83,2,1,0,3.25,0,0,0,0,0,1,2011,1,111,0,0,0,0
83,4,1,0,3,0,0,0,0,0,1,2013,1,111,1,0,0,0
84,1,1,0,4.5,0,0,0,0,0,0,2010,1,111,1,-1,-1,-1
84,2,1,0,4.5,0,0,0,0,0,0,2011,1,111,1,0,0,0
84,4,1,0,4,1,1,1,0,0,0,2013,1,111,1,0,0,0
85,1,0,0,4,0,0,0,0,0,0,2010,1,111,1,-1,-1,-1
85,2,0,0,4.5,0,0,0,0,0,0,2011,1,111,1,0.333333333333333,0.333333333333333,0.333333333333333
85,3,0,0,4.5,0,0,0,0,0,0,2012,1,111,1,0.333333333333333,0.333333333333333,0.333333333333333
85,4,0,0,4,0,0,0,0,0,0,2013,1,111,1,0,0,0
87,1,1,1,1.5,0,0,0,0,0,1,2010,1,111,1,-1,-1,-1
87,2,1,1,3.5,0,0,0,0,0,1,2011,1,111,1,0,0,0.111111111111111
87,3,1,1,2.5,0,0,0,0,0,1,2012,1,111,1,0.4,0.4,0.4
87,4,1,1,3.5,0,0,0,0,0,1,2013,1,111,1,0.444444444444444,0.777777777777778,0.555555555555556
88,1,0,1,5,0,0,0,0,0,0,2010,1,111,1,-1,-1,-1
88,2,0,1,5,0,0,0,0,0,0,2011,1,111,1,0,0,0
88,4,0,1,5,0,1,0,0,0,0,2013,1,111,1,0,0,0
89,1,1,1,3.5,0,1,0,0,0,0,2010,1,111,1,-1,-1,-1
89,2,1,1,3,0,1,0,0,0,0,2011,1,111,1,0,0,0
89,3,1,1,3.5,0,1,0,0,0,0,2012,1,111,1,0,0,0
89,4,1,1,3.5,0,1,0,0,1,1,2013,1,111,1,0,0.5,0
90,3,1,1,3.5,0,1,1,0,0,1,2012,1,111,1,0,0,0
90,4,1,1,4.5,0,1,1,0,0,1,2013,1,111,1,0,0.5,0
91,1,1,1,3.5,0,1,0,0,0,1,2010,1,111,0,-1,-1,-1
91,2,1,1,3.5,0,1,0,0,0,0,2011,1,111,0,0,0.25,0
92,2,1,0,3.16666666666667,1,0,1,1,0,0,2011,1,111,1,0.5,0,0
92,4,1,0,3,1,1,1,1,0,0,2013,1,111,1,1,0,1
94,3,0,0,3,0,0,0,0,0,1,2012,1,111,1,0,0,0
94,4,0,0,4.5,0,0,0,0,1,1,2013,1,111,1,0,0,0
95,1,0,0,4,0,0,0,0,0,0,2010,1,111,1,-1,-1,-1
95,2,0,0,4.5,0,0,0,0,0,0,2011,1,111,1,0,0,0
95,3,0,0,4.5,0,0,0,0,0,0,2012,1,111,0,0.25,0.5,0.5
95,4,0,0,4.5,0,0,0,0,0,0,2013,1,111,1,0,0.8,0.4
96,3,0,0,5,1,1,0,1,0,0,2012,1,111,1,0,0,0
96,4,0,0,5,1,1,0,1,0,0,2013,1,111,1,0.2,0.6,0.4
97,3,0,0,4,0,0,0,0,0,1,2012,1,111,1,0,0,0
97,4,0,0,4.5,0,0,0,0,0,1,2013,1,111,1,0,1,0
98,1,0,1,3.5,0,0,0,0,0,0,2010,1,111,1,-1,-1,-1
98,2,0,1,3.5,0,0,0,0,0,1,2011,1,111,1,0,0.25,0
98,3,0,1,3,0,1,0,0,0,0,2012,1,111,1,0,0.2,0
98,4,0,1,4,0,1,0,0,0,1,2013,1,111,1,0,0,0
99,1,1,1,5,0,0,0,0,0,1,2010,1,111,1,-1,-1,-1
99,2,1,1,5,0,0,0,0,0,1,2011,1,111,1,0,0.6,0
99,4,1,1,4.5,0,0,0,0,0,0,2013,1,111,1,0,0,0
100,1,0,1,5,0,0,0,0,0,0,2010,1,111,1,-1,-1,-1
100,2,0,1,5,0,0,0,0,0,0,2011,1,111,1,0,0,0
100,4,0,1,5,0,0,0,0,0,0,2013,1,111,1,0,0,0
101,1,1,1,4.5,0,0,0,0,0,0,2010,1,111,1,-1,-1,-1
101,2,1,1,3.83333333333333,0,0,0,0,0,1,2011,1,111,1,0.333333333333333,0.333333333333333,0
101,3,1,1,3.5,0,0,0,0,0,1,2012,1,111,1,0,0.25,0
101,4,1,1,3.5,0,0,0,0,1,1,2013,1,111,1,0,1,0
102,1,0,1,5,0,0,0,0,0,0,2010,1,111,1,-1,-1,-1
102,2,0,1,5,0,0,0,0,0,0,2011,1,111,1,0,0,0
102,4,0,1,5,0,0,0,1,1,0,2013,1,111,1,0,0,0
103,1,0,0,5,0,1,0,1,0,1,2010,1,111,1,-1,-1,-1
103,2,0,0,5,0,1,0,1,0,1,2011,1,111,1,0.333333333333333,0.666666666666667,0.333333333333333
103,4,0,0,5,1,1,1,1,1,1,2013,1,111,1,0,0,0
104,2,0,1,5,0,0,0,0,0,0,2011,1,111,1,0,0,0
104,4,0,1,5,0,0,0,0,0,0,2013,1,111,1,0,0,0
105,1,1,0,2.5,0,1,0,0,0,0,2010,1,111,1,-1,-1,-1
105,2,1,0,3,0,1,0,0,0,0,2011,1,111,1,0,0,0
105,4,1,0,3.5,0,1,0,0,1,1,2013,1,111,1,0,0,0
106,1,1,0,3.5,0,0,0,0,0,1,2010,1,111,1,-1,-1,-1
106,3,1,0,3.5,0,1,0,0,0,0,2012,1,111,1,0,0,0
106,4,1,0,3,0,1,0,0,1,0,2013,1,111,1,0.5,1,0.5
109,1,1,1,2.5,0,1,0,0,0,1,2010,1,111,1,-1,-1,-1
109,4,1,1,3,1,1,1,0,1,0,2013,1,111,1,0.4,0.7,0.5
111,1,1,0,3,0,1,0,0,0,1,2010,1,111,1,-1,-1,-1
111,2,1,0,3.5,0,1,0,0,0,1,2011,1,111,1,0.5,0.75,0.25
111,3,1,0,3.5,0,1,0,0,0,1,2012,1,111,1,0,0,0.333333333333333
111,4,1,0,4,0,1,0,0,1,1,2013,1,111,1,0.8,1,0.6
112,1,1,1,4,0,1,0,0,0,1,2010,1,111,1,-1,-1,-1
112,3,1,1,4.5,0,1,0,0,0,1,2012,1,111,1,0,0,0
114,2,1,1,3.16666666666667,0,1,0,1,0,1,2011,1,111,1,0.181818181818182,0.636363636363636,0.272727272727273
114,3,1,1,3.5,0,1,0,0,0,1,2012,1,111,1,0,0.5,0.333333333333333
114,4,1,1,3,0,1,0,1,1,1,2013,1,111,1,0.222222222222222,0.888888888888889,0.444444444444444
115,2,1,1,3.5,0,0,0,0,0,1,2011,1,111,1,0,0,0
115,3,1,1,3.5,0,0,0,0,0,1,2012,1,111,1,0,0.2,0
115,4,1,1,3.5,0,0,0,0,0,1,2013,1,111,1,0.5,1,1
116,2,1,0,3.5,0,0,0,0,0,0,2011,1,111,1,0,0,0
116,3,1,0,3.5,0,0,0,0,0,0,2012,1,111,1,0.333333333333333,0.333333333333333,0
116,4,1,0,3.5,0,0,0,0,0,0,2013,1,111,1,0,0.333333333333333,0.333333333333333
117,1,1,1,3.5,0,0,0,0,0,1,2010,1,111,1,-1,-1,-1
117,3,1,1,4.5,0,0,0,0,0,0,2012,1,111,1,0,0,0
117,4,1,1,4.5,0,0,0,0,0,0,2013,1,111,1,0.5,0.5,0.5
118,1,1,1,3.5,0,1,0,1,0,1,2010,1,111,1,-1,-1,-1
118,2,1,1,3.5,0,1,0,1,0,1,2011,1,111,1,0,0,0
118,3,1,1,3.5,0,1,0,0,0,0,2012,1,111,1,0,0.25,0
118,4,1,1,4,1,1,1,1,1,1,2013,1,111,1,0,0.454545454545455,0.0909090909090909
119,2,1,1,3.5,0,0,0,0,0,0,2011,1,111,1,0,0.666666666666667,0.333333333333333
119,4,1,1,3.5,1,1,0,0,0,1,2013,1,111,1,0,0,0
120,2,0,0,3.5,0,0,0,0,0,1,2011,1,111,0,0.111111111111111,0.333333333333333,0.111111111111111
120,3,0,0,3.5,0,0,0,0,0,1,2012,1,111,1,0,0.5,0
120,4,0,1,4,0,0,0,0,0,0,2013,1,111,1,0,0.625,0.25
121,2,0,0,3.5,0,0,0,0,0,0,2011,1,111,1,0,0,0
121,3,0,0,3.5,0,0,0,0,0,0,2012,1,111,1,0.375,0.375,0.375
121,4,0,1,3.5,0,0,0,0,0,0,2013,1,111,1,0,0.4,0.2
122,1,0,0,3.5,0,0,0,0,0,0,2010,1,111,1,-1,-1,-1
122,2,0,0,3.5,0,0,0,0,0,1,2011,1,111,1,0.5,0.5,0.5
122,4,0,0,4,1,1,1,0,0,0,2013,1,111,1,0.5,0.5,0.5
123,1,1,0,3.5,0,1,0,0,0,1,2010,1,111,0,-1,-1,-1
123,2,1,0,3.66666666666667,0,1,0,0,0,1,2011,1,111,0,0,0,0
123,3,1,0,3.5,0,1,0,0,0,1,2012,1,111,0,0,0.333333333333333,0
123,4,1,0,4,0,1,0,0,0,1,2013,1,111,0,0,1,0
125,1,1,0,4.5,0,0,0,0,0,0,2010,1,111,1,-1,-1,-1
125,2,1,0,4.5,0,0,0,0,0,0,2011,1,111,1,0,0.25,0
125,3,1,0,4.5,0,0,0,0,0,1,2012,1,111,1,0,0.333333333333333,0
125,4,1,1,5,0,0,0,0,1,1,2013,1,111,1,0,0.333333333333333,0
127,2,1,0,4.5,1,0,1,0,0,0,2011,1,111,1,0.333333333333333,0,0
127,4,1,0,3.5,1,0,1,0,0,0,2013,1,111,1,0,0,0
128,1,1,1,4.5,0,0,0,0,0,1,2010,1,111,1,-1,-1,-1
128,2,1,1,4.5,0,1,1,0,0,1,2011,1,111,1,0.25,1,0.25
128,4,1,1,3.5,0,1,1,0,0,1,2013,1,111,1,0,0,0
129,1,1,1,3.5,0,1,0,0,0,1,2010,1,111,1,-1,-1,-1
129,2,1,1,3,0,1,0,1,0,1,2011,1,111,1,0.428571428571429,0.428571428571429,0.285714285714286
129,4,1,1,4,0,1,0,1,1,1,2013,1,111,1,0,0,0
130,1,1,1,3.5,0,1,1,0,0,1,2010,1,111,1,-1,-1,-1
130,2,1,1,3,0,1,1,0,0,0,2011,1,111,1,0.307692307692308,0.538461538461538,0.384615384615385
130,3,1,1,3.5,0,1,1,0,0,0,2012,1,111,1,0.363636363636364,0.545454545454545,0.545454545454545
130,4,1,1,4,0,1,1,0,0,0,2013,1,111,1,0.333333333333333,0.666666666666667,0.666666666666667
131,1,1,0,2.5,1,1,0,1,1,0,2010,1,111,1,-1,-1,-1
131,4,1,0,2,1,1,1,0,1,0,2013,1,111,1,0,0,0
133,3,0,0,3.5,0,1,0,0,0,1,2012,1,111,1,0,0,0
133,4,0,0,4,0,1,0,0,0,1,2013,1,111,1,0.25,0.5,0.75
134,1,1,0,3.5,0,0,0,0,0,0,2010,1,111,1,-1,-1,-1
134,4,1,0,3.5,1,1,1,0,0,1,2013,1,111,1,0,0.5,1
135,1,1,0,3,0,0,0,0,0,0,2010,1,111,1,-1,-1,-1
135,2,1,0,3.5,0,0,0,1,0,0,2011,1,111,1,0.5,0.5,0
135,3,1,0,2.5,0,1,1,1,0,0,2012,1,111,1,0,0,0
135,4,1,0,2.5,1,1,1,0,0,0,2013,1,111,1,0.666666666666667,1,1
136,1,0,0,4.5,0,0,0,0,0,0,2010,1,111,1,-1,-1,-1
136,3,0,0,4.5,0,0,0,0,0,0,2012,1,111,1,0,0.888888888888889,0.333333333333333
136,4,0,0,4.5,0,1,0,0,1,1,2013,1,111,1,0.333333333333333,1,0.333333333333333
137,1,1,1,3.5,0,1,0,1,0,1,2010,1,111,1,-1,-1,-1
137,2,1,1,3.5,0,1,0,1,0,1,2011,1,111,1,0,0,0
137,3,1,1,3.5,0,1,0,1,0,1,2012,1,111,1,0,0,0
137,4,1,1,3.5,0,1,0,1,1,1,2013,1,111,1,0,0,0
138,3,0,0,3,0,0,0,0,0,1,2012,1,111,1,0,0,0
138,4,0,0,3.5,0,0,0,0,0,1,2013,1,111,1,0.2,0.8,0.2
139,2,1,1,2.5,0,0,1,0,0,0,2011,1,111,1,0.25,0.25,0.5
139,3,1,1,2.5,1,0,1,1,0,0,2012,1,111,1,0.25,0.25,0.25
139,4,1,1,3,1,1,1,1,1,0,2013,1,111,1,0.333333333333333,1,0.666666666666667
140,1,1,1,3.5,0,0,0,1,0,1,2010,1,111,1,-1,-1,-1
140,2,1,1,3.16666666666667,0,0,0,0,0,1,2011,1,111,1,0,0,0
140,3,1,1,2.5,0,0,0,1,0,1,2012,1,111,1,0,1,0
140,4,1,1,3.5,0,0,0,1,1,1,2013,1,111,1,0,0.5,0
141,3,1,1,2.5,0,1,1,0,0,1,2012,1,111,1,0,0,0
141,4,1,1,3.5,0,1,1,0,1,1,2013,1,111,1,1,0.5,1
142,1,0,1,5,0,0,0,0,1,1,2010,1,111,1,-1,-1,-1
142,2,0,1,5,0,0,0,0,0,0,2011,1,111,1,0.25,0.5,0.25
143,3,1,1,3.5,0,1,1,0,0,0,2012,1,111,1,0,0,0
143,4,1,1,3.5,0,1,1,0,0,0,2013,1,111,1,1,1,1
144,2,1,1,3.5,0,0,0,0,0,1,2011,1,111,1,0,0,0
144,3,1,1,3.5,0,1,0,0,0,1,2012,1,111,1,0.333333333333333,0.555555555555556,0.333333333333333
144,4,1,1,3.5,0,1,0,0,1,1,2013,1,111,1,0.25,0.5,0.5
145,1,0,1,5,0,0,0,0,0,0,2010,1,111,1,-1,-1,-1
145,2,0,1,5,0,0,0,0,0,1,2011,1,111,1,0,0.142857142857143,0
145,3,0,1,5,0,0,0,0,0,0,2012,1,111,1,0,1,0
146,2,1,1,4.5,0,0,0,0,0,0,2011,1,111,1,0.142857142857143,0.357142857142857,0.142857142857143
146,4,1,1,4,0,0,0,0,0,0,2013,1,111,1,0,0,0
147,1,0,0,5,0,0,0,0,0,1,2010,1,111,1,-1,-1,-1
147,2,0,0,5,0,0,0,0,0,1,2011,1,111,1,0,0,0
147,4,0,0,4.5,0,0,0,0,0,1,2013,1,111,1,0,0,0
148,1,0,0,3.5,0,0,0,0,0,0,2010,1,111,1,-1,-1,-1
148,2,0,0,3.5,0,0,0,0,0,0,2011,1,111,1,0,0,0
148,3,0,0,4,0,0,1,0,0,0,2012,1,111,1,0.5,0,0.5
148,4,0,0,1,0,0,1,1,1,0,2013,1,111,1,0,1,0.333333333333333
149,1,1,1,4.5,0,0,0,0,0,0,2010,1,111,1,-1,-1,-1
149,2,1,1,4.5,0,0,0,0,0,0,2011,1,111,1,0,0,0
149,4,1,1,4.5,0,0,0,0,0,0,2013,1,111,1,0,0,0
150,3,0,1,5,0,0,0,0,0,0,2012,1,111,1,0,0,0
150,4,0,1,5,0,1,0,1,0,0,2013,1,111,1,0.125,0.25,0
151,3,1,1,3.5,1,1,0,1,0,0,2012,1,111,1,0,0,0
151,4,1,1,4.5,1,1,1,1,1,1,2013,1,111,1,1,1,1
152,2,1,0,3,0,1,0,0,0,1,2011,1,111,1,0,0,0
152,3,1,0,2.5,0,1,0,0,0,1,2012,1,111,1,0,0,0
152,4,1,0,3,1,1,1,0,1,0,2013,1,111,1,0.5,0,0.5
153,1,1,1,5,0,0,0,0,0,1,2010,1,111,1,-1,-1,-1
153,2,1,1,5,0,1,0,0,0,1,2011,1,111,1,0,0.333333333333333,0
153,4,1,1,5,0,1,1,0,0,0,2013,1,111,1,0,0,0
154,2,1,1,4,0,0,0,0,0,0,2011,1,111,1,0.285714285714286,0.714285714285714,0.428571428571429
154,3,1,1,4,0,0,0,0,1,0,2012,1,111,1,0.4,0.4,0.4
154,4,1,1,4.5,0,0,0,0,0,0,2013,1,111,1,0.142857142857143,0.428571428571429,0.142857142857143
155,1,1,1,4.5,1,1,0,0,0,0,2010,1,112,1,-1,-1,-1
155,4,1,1,2.5,1,1,0,0,0,1,2013,1,112,1,0,0,0
157,1,1,0,4.5,0,0,0,0,0,1,2010,1,112,1,-1,-1,-1
157,2,1,0,4.5,0,0,0,0,0,1,2011,1,112,1,0,0.5,0
157,4,1,0,3.5,1,1,1,0,0,0,2013,1,112,1,0,0,0
158,1,1,1,3.5,0,0,0,0,0,0,2010,1,112,1,-1,-1,-1
158,2,1,1,3.5,0,0,0,0,0,1,2011,1,112,1,1,0,0
158,4,1,1,4.5,0,1,0,0,0,1,2013,1,112,1,0,0,0
159,2,1,1,3.5,0,0,0,0,0,0,2011,1,112,1,0,0,0
159,4,1,1,3.5,0,0,0,0,0,0,2013,1,112,1,0,0,0
160,1,0,1,5,0,0,0,0,0,0,2010,1,112,1,-1,-1,-1
160,2,0,1,4.5,0,0,0,0,0,1,2011,1,112,1,0,0,0
161,1,1,1,3.5,0,0,0,0,0,0,2010,1,112,1,-1,-1,-1
161,2,1,1,3.5,0,0,0,0,0,1,2011,1,112,1,0,0.2,0
161,4,1,1,3.5,0,0,0,0,0,0,2013,1,112,1,0,0,0
163,1,1,0,4.5,0,0,0,0,0,1,2010,1,112,1,-1,-1,-1
163,2,1,0,4.5,0,0,0,0,0,1,2011,1,112,1,0.333333333333333,0.333333333333333,0.333333333333333
164,1,1,0,3.5,0,0,0,0,0,0,2010,1,112,1,-1,-1,-1
164,2,1,0,3.5,0,0,0,0,0,1,2011,1,112,1,0,0,0
167,1,1,1,2.5,0,1,0,0,0,1,2010,1,112,1,-1,-1,-1
167,2,1,1,2.5,0,1,0,1,0,1,2011,1,112,1,0.5,0.75,0.416666666666667
167,4,1,1,3.5,0,1,0,1,0,1,2013,1,112,1,0,0,0
168,1,0,0,4,0,1,0,0,0,1,2010,1,112,1,-1,-1,-1
168,2,0,0,4.5,0,1,0,0,0,1,2011,1,112,1,0,0.333333333333333,0.333333333333333
168,4,0,0,4.5,0,1,1,0,0,1,2013,1,112,1,0,0,0
171,1,1,0,4.5,0,0,0,0,0,0,2010,1,112,0,-1,-1,-1
171,2,1,0,4,0,0,0,0,0,0,2011,1,112,1,0.5,0.5,0.5
171,4,1,0,3.5,0,1,0,0,0,0,2013,1,112,1,0,0,0
173,2,1,0,2.5,0,0,0,0,0,0,2011,1,112,0,0,0,0
173,4,1,0,2.5,0,0,0,0,0,0,2013,1,112,0,0,0,0
174,1,1,1,4.5,0,0,0,1,1,0,2010,1,112,1,-1,-1,-1
174,2,1,1,3.5,0,0,0,1,1,1,2011,1,112,1,0,0.333333333333333,0
174,4,1,1,4.5,0,0,0,0,0,0,2013,1,112,0,0,0,0
175,1,1,0,3.5,0,0,0,1,0,0,2010,1,112,1,-1,-1,-1
175,2,1,0,4,0,0,0,0,0,0,2011,1,112,1,0,0,0
175,4,1,0,4.5,1,1,1,0,0,1,2013,1,112,1,0,0,0
176,1,1,0,4,0,1,0,0,1,0,2010,1,112,1,-1,-1,-1
176,2,1,0,4,0,1,0,0,0,0,2011,1,112,1,0,0.333333333333333,0
176,4,1,0,3.5,0,1,0,0,1,0,2013,1,112,1,0,0,0
177,1,0,1,4.5,0,0,0,0,0,0,2010,1,112,1,-1,-1,-1
177,2,0,1,4.5,0,0,0,0,0,0,2011,1,112,1,0,0,0
178,1,1,0,3,0,0,0,0,0,0,2010,1,112,1,-1,-1,-1
178,2,1,0,3.5,0,0,0,0,0,0,2011,1,112,1,0,0,0
178,4,1,0,3,0,1,0,0,0,0,2013,1,112,1,0,0,0
180,1,1,0,3.5,0,0,0,0,0,1,2010,1,112,1,-1,-1,-1
180,2,1,0,3.5,0,0,0,0,0,1,2011,1,112,1,0.4,0.2,0.4
180,4,1,0,3.5,0,0,0,0,0,1,2013,1,112,1,0,0,0
181,1,1,0,3.5,0,0,0,0,0,1,2010,1,112,1,-1,-1,-1
181,2,1,0,2.5,0,0,0,0,0,1,2011,1,112,1,0.25,0.5,0.25
181,4,1,0,2.5,0,1,0,0,1,1,2013,1,112,1,0,0,0
182,1,1,0,2.5,0,0,0,0,0,0,2010,1,112,1,-1,-1,-1
182,2,1,0,2.75,0,0,0,0,0,0,2011,1,112,1,1,1,1
182,4,1,0,3,0,0,0,0,0,0,2013,1,112,1,0,0,0
183,1,1,0,3.5,0,0,0,0,0,0,2010,1,112,1,-1,-1,-1
183,2,1,0,3.5,0,0,0,0,0,1,2011,1,112,1,0,1,1
183,4,1,0,3.5,1,1,0,0,0,0,2013,1,112,1,0,0,0
184,2,1,0,1.5,0,0,0,1,0,0,2011,1,112,1,0,0.333333333333333,0
184,4,1,0,4.5,0,1,1,0,0,0,2013,1,112,1,0,0,0
185,1,0,1,5,0,0,0,0,0,1,2010,1,112,1,-1,-1,-1
185,2,0,1,5,0,0,0,0,0,0,2011,1,112,1,0.2,0.2,0.2
185,4,0,1,5,0,1,0,0,0,0,2013,1,112,1,0,0,0
186,1,0,1,5,0,0,0,0,0,0,2010,1,112,1,-1,-1,-1
186,2,0,1,5,0,0,0,0,0,0,2011,1,112,1,0,0,0
186,4,0,1,5,0,0,0,0,0,0,2013,1,112,1,0,0,0
188,1,1,1,3.5,0,1,0,0,0,0,2010,1,112,1,-1,-1,-1
188,2,1,1,3.5,0,1,0,0,0,0,2011,1,112,1,0.333333333333333,1,0.666666666666667
188,4,1,1,3.5,1,1,0,0,1,1,2013,1,112,1,0,0,0
189,1,0,1,5,0,0,0,0,0,1,2010,1,112,1,-1,-1,-1
189,2,0,1,5,0,0,0,0,0,1,2011,1,112,1,0.333333333333333,0.333333333333333,0.333333333333333
189,4,0,1,4.5,0,0,0,0,1,1,2013,1,112,1,0,0,0
190,2,0,0,5,0,0,0,0,0,0,2011,1,112,1,0,0,0
190,4,0,0,4.5,0,0,0,0,0,0,2013,1,112,1,0,0,0
191,2,1,1,2,0,0,0,0,0,1,2011,1,112,0,0,0,0
191,4,1,1,3,0,0,0,0,0,1,2013,1,112,0,0,0,0
192,1,1,1,4.5,0,0,0,0,1,1,2010,1,112,1,-1,-1,-1
192,4,1,1,4.5,0,0,0,0,1,1,2013,1,112,1,0,0,0
194,1,1,0,4.5,0,1,0,0,0,1,2010,1,112,1,-1,-1,-1
194,2,1,0,4.5,0,1,0,0,0,1,2011,1,112,1,0.666666666666667,1,1
194,4,1,0,3.5,0,1,1,0,0,1,2013,1,112,0,0,0,0
195,1,1,0,4,0,0,0,1,1,1,2010,1,112,1,-1,-1,-1
195,2,1,0,3.5,0,0,0,1,0,1,2011,1,112,1,0,0,0
195,4,1,0,4,0,0,0,1,1,0,2013,1,112,1,0,0,0
196,1,1,0,3.5,1,1,0,0,0,1,2010,1,112,0,-1,-1,-1
196,4,1,0,4.5,1,1,1,0,0,1,2013,1,112,1,0,0,0
197,1,1,0,3.5,0,0,0,0,0,0,2010,1,112,1,-1,-1,-1
197,2,1,0,4,0,0,0,0,0,0,2011,1,112,1,1,1,0
197,4,1,0,3.5,0,0,0,0,0,0,2013,1,112,1,0,0,0
198,1,1,0,3.5,0,0,0,0,0,0,2010,1,112,1,-1,-1,-1
198,2,1,0,3.5,0,1,0,0,0,0,2011,1,112,1,0.25,0.375,0.25
198,4,1,0,3.5,1,1,0,1,1,0,2013,1,112,1,0,0,0
199,1,1,1,4,0,1,1,0,0,1,2010,1,112,1,-1,-1,-1
199,2,1,1,3.5,0,1,1,0,0,0,2011,1,112,1,0.75,1,0.75
199,4,1,1,3.5,1,1,1,0,1,1,2013,1,112,1,0,0,0
200,1,1,0,3.5,0,1,0,0,0,1,2010,1,112,1,-1,-1,-1
200,2,1,0,3.5,0,1,0,0,0,1,2011,1,112,1,0.333333333333333,0.666666666666667,0
200,4,1,0,4.5,1,1,0,0,0,1,2013,1,112,1,0,0,0
201,1,1,0,2.5,0,0,0,0,0,1,2010,1,112,1,-1,-1,-1
201,4,1,0,3.5,0,0,1,0,0,1,2013,1,112,1,0,0,0
202,1,0,0,5,0,0,0,0,0,0,2010,1,112,1,-1,-1,-1
202,2,0,0,5,0,0,0,0,0,0,2011,1,112,1,0.1,0.1,0.1
202,4,0,0,5,0,1,0,0,0,0,2013,1,112,1,0,0,0
203,2,1,1,4.5,0,0,0,0,0,0,2011,1,112,1,0,0,0
203,4,1,1,4.5,0,1,0,0,1,0,2013,1,112,1,0,0,0
204,1,1,0,2.5,0,1,1,1,0,1,2010,1,112,1,-1,-1,-1
204,4,1,0,4.5,1,1,1,1,1,1,2013,1,112,1,0,0,0
205,1,1,1,3.5,0,1,0,0,0,1,2010,1,112,1,-1,-1,-1
205,2,1,1,3.5,0,1,0,0,0,1,2011,1,112,1,1,1,1
205,4,1,1,4,1,1,0,0,0,0,2013,1,112,1,0,0,0
206,2,0,1,4.5,0,1,0,1,0,0,2011,1,112,1,0,0,0
206,4,0,1,3.5,0,1,0,1,1,0,2013,1,112,1,0,0,0
208,1,0,0,4.5,0,0,0,0,0,0,2010,1,112,1,-1,-1,-1
208,2,0,0,5,0,0,0,0,0,0,2011,1,112,1,0,0.125,0
208,4,0,0,4.5,0,0,0,0,0,0,2013,1,112,1,0,0,0
209,1,1,1,3.5,0,0,0,0,0,1,2010,1,112,0,-1,-1,-1
209,2,1,1,3.5,0,0,0,0,0,1,2011,1,112,0,0,0,0
209,4,1,1,3.5,0,0,0,0,0,1,2013,1,112,0,0,0,0
210,1,1,0,2.25,0,0,0,0,0,0,2010,1,112,0,-1,-1,-1
210,2,1,0,1.5,0,0,0,0,0,0,2011,1,112,0,0,0,0
210,4,1,0,3,0,1,0,0,0,0,2013,1,112,0,0,0,0
211,1,1,1,1.5,0,1,1,0,0,0,2010,1,112,1,-1,-1,-1
211,4,1,1,3.5,1,1,1,0,0,0,2013,1,112,1,0,0,0
212,1,0,0,4,0,0,0,0,0,0,2010,1,112,1,-1,-1,-1
212,4,0,0,4.5,1,1,0,0,1,1,2013,1,112,1,0,0,0
213,2,1,0,2,1,0,0,0,0,1,2011,1,112,1,0.25,0.25,0.25
213,4,1,0,2.5,1,1,1,0,0,1,2013,1,112,1,0,0,0
214,1,1,0,4.5,1,0,0,1,0,0,2010,1,112,1,-1,-1,-1
214,2,1,0,4.5,1,0,0,1,0,0,2011,1,112,1,0,0.25,0
214,4,1,0,3.5,1,1,1,1,1,0,2013,1,112,1,0,0,0
215,2,1,0,2.5,0,0,0,0,0,1,2011,1,112,1,0.5,0.5,0.5
215,4,1,0,3,1,0,0,0,0,1,2013,1,112,1,0,0,0
216,1,1,1,3.5,0,0,1,0,0,0,2010,1,112,1,-1,-1,-1
216,2,1,1,4.5,0,0,1,0,0,0,2011,1,112,1,0.666666666666667,1,1
216,4,1,1,4.5,1,1,1,0,0,0,2013,1,112,1,0,0,0
217,1,1,1,4.5,0,0,0,0,0,0,2010,1,112,1,-1,-1,-1
217,2,1,1,4.5,0,1,0,0,0,0,2011,1,112,1,0.25,0.5,0.25
217,4,1,1,3.5,0,1,0,0,1,0,2013,1,112,1,0,0,0
218,2,0,1,1.5,1,1,0,0,0,1,2011,1,112,1,0,0,0
218,4,0,1,3,1,1,1,0,1,1,2013,1,112,1,0,0,0
219,1,1,0,3.5,0,1,0,0,0,1,2010,1,112,1,-1,-1,-1
219,2,1,0,3.5,0,1,0,0,0,1,2011,1,112,1,0.166666666666667,0.333333333333333,0.166666666666667
219,4,1,0,4.5,0,1,0,0,0,1,2013,1,112,1,0,0,0
220,1,1,0,3.5,0,0,0,0,0,0,2010,1,112,1,-1,-1,-1
220,2,1,0,3.5,0,0,0,0,0,0,2011,1,112,1,0,0,0
220,4,1,0,3.5,0,0,0,0,0,1,2013,1,112,1,0,0,0
221,1,1,0,3,0,1,0,0,0,0,2010,1,112,1,-1,-1,-1
221,2,1,0,3.5,0,1,0,0,0,0,2011,1,112,1,0.75,0.75,0.25
221,4,1,0,3.5,0,1,0,0,1,0,2013,1,112,1,0,0,0
222,2,1,0,5,0,0,0,0,0,0,2011,1,112,1,0.2,0.4,0
222,4,1,0,4.5,0,0,0,0,0,0,2013,1,112,1,0,0,0
223,1,0,0,3.5,1,0,0,1,0,0,2010,1,112,1,-1,-1,-1
223,2,0,0,3.5,1,0,0,1,0,0,2011,1,112,1,1,1,1
223,4,0,0,3.5,1,1,1,0,0,0,2013,1,112,1,0,0,0
224,1,0,0,4,0,0,0,0,0,0,2010,1,112,1,-1,-1,-1
224,2,0,0,3.5,0,0,0,0,0,0,2011,1,112,1,0,0.2,0.2
224,4,0,0,4.5,0,0,0,0,0,1,2013,1,112,1,0,0,0
225,1,1,0,4.5,0,1,0,0,0,1,2010,1,112,1,-1,-1,-1
225,2,1,0,4.5,1,1,0,0,0,1,2011,1,112,1,0.166666666666667,0.333333333333333,0
225,4,1,0,4.5,1,1,0,0,0,1,2013,1,112,1,0,0,0
226,1,1,0,4.5,0,0,0,0,0,0,2010,1,112,1,-1,-1,-1
226,2,1,0,4.5,0,0,0,0,0,0,2011,1,112,1,0,0,0
226,4,1,0,4.5,1,1,1,0,0,1,2013,1,112,1,0,0,0
228,1,1,0,2.5,0,0,1,0,0,0,2010,1,112,1,-1,-1,-1
228,4,1,0,3.5,0,1,1,0,1,1,2013,1,112,1,0,0,0
229,1,1,0,4.5,0,0,0,0,0,0,2010,1,112,1,-1,-1,-1
229,4,1,0,4.5,0,0,0,0,0,0,2013,1,112,1,0,0,0
230,2,1,0,2.5,0,0,0,0,0,0,2011,1,112,0,0.333333333333333,0.333333333333333,0.333333333333333
230,4,1,0,3.5,0,0,0,0,1,1,2013,1,112,1,0,0,0
231,2,0,1,3.5,0,0,0,0,0,0,2011,1,112,1,0.25,0.75,0.5
231,4,0,1,3.5,0,1,0,0,1,1,2013,1,112,1,0,0,0
232,1,0,0,3.5,0,0,0,0,0,1,2010,1,112,1,-1,-1,-1
232,2,0,0,3.5,0,0,0,0,0,1,2011,1,112,1,0.2,0.2,0.2
232,4,0,0,4,0,0,0,0,0,1,2013,1,112,1,0,0,0
233,1,0,1,4.5,0,0,0,0,0,0,2010,1,112,1,-1,-1,-1
233,2,0,1,4.5,0,0,0,0,0,1,2011,1,112,1,0.2,0.2,0
233,4,0,1,5,0,1,0,0,0,1,2013,1,112,1,0,0,0
234,1,0,0,4.5,0,0,0,0,0,1,2010,1,112,1,-1,-1,-1
234,2,0,0,4.5,0,0,0,0,0,1,2011,1,112,1,0,0,0
234,4,0,0,4.5,0,0,0,0,0,0,2013,1,112,1,0,0,0
235,1,1,1,1.5,0,1,1,1,0,0,2010,1,112,1,-1,-1,-1
235,2,1,1,2,0,1,1,1,0,0,2011,1,112,1,0.5,1,0.5
235,4,1,1,2.5,0,1,1,1,1,0,2013,1,112,1,0,0,0
236,2,0,0,4.5,0,0,0,0,0,0,2011,1,112,1,0.1,0.2,0.1
236,4,0,0,4.5,0,0,0,0,0,0,2013,1,112,1,0,0,0
238,1,0,1,4.5,0,0,0,0,0,1,2010,1,112,1,-1,-1,-1
238,2,0,1,4.5,0,0,0,0,0,0,2011,1,112,1,0,0.142857142857143,0
238,4,0,1,4.5,0,0,0,0,0,1,2013,1,112,0,0,0,0
240,1,0,1,4.5,0,0,0,0,0,0,2010,1,112,1,-1,-1,-1
240,2,0,1,3.5,0,0,0,0,0,0,2011,1,112,0,0,0,0
240,4,0,1,4,1,1,0,0,0,0,2013,1,112,1,0,0,0
241,1,1,0,4.5,0,0,0,0,0,0,2010,1,112,1,-1,-1,-1
241,2,1,0,4.5,0,0,0,0,0,0,2011,1,112,1,0.2,0,0
241,4,1,0,5,0,1,1,0,1,0,2013,1,112,1,0,0,0
242,2,1,0,4.5,0,1,1,1,0,1,2011,1,112,1,0,0,0
242,4,1,0,3.5,0,1,1,1,1,0,2013,1,112,1,0,0,0
243,1,1,1,5,0,0,0,0,0,0,2010,1,112,1,-1,-1,-1
243,2,1,1,4.5,0,0,0,0,0,0,2011,1,112,1,0.166666666666667,0.333333333333333,0.166666666666667
243,4,1,1,3.5,0,0,0,0,0,0,2013,1,112,1,0,0,0
244,1,0,1,4.5,0,0,0,0,0,0,2010,1,112,1,-1,-1,-1
244,2,0,1,5,0,0,0,0,0,0,2011,1,112,1,0,0.333333333333333,0.666666666666667
244,4,0,1,5,0,1,1,0,1,1,2013,1,112,1,0,0,0
245,1,0,0,3.5,0,0,0,0,0,1,2010,1,112,1,-1,-1,-1
245,2,0,0,3.5,0,0,0,0,0,0,2011,1,112,0,0.111111111111111,0,0
245,4,0,0,4,0,0,1,0,0,1,2013,1,112,1,0,0,0
246,1,1,1,3.5,0,0,0,0,0,0,2010,1,112,1,-1,-1,-1
246,4,1,1,3.5,1,0,1,0,0,0,2013,1,112,1,0,0,0
247,1,1,1,4.5,0,0,0,0,0,1,2010,1,112,1,-1,-1,-1
247,2,1,1,4.5,0,0,0,0,0,1,2011,1,112,1,0,0,0
247,4,1,1,5,0,1,0,0,0,1,2013,1,112,1,0,0,0
248,1,1,1,3.5,0,1,1,1,0,1,2010,1,112,1,-1,-1,-1
248,2,1,1,3.5,0,1,1,0,0,1,2011,1,112,1,0,0,0
249,1,1,0,3.5,0,0,0,1,0,0,2010,1,112,1,-1,-1,-1
249,2,1,0,3.5,0,0,0,0,0,1,2011,1,112,1,1,1,1
249,4,1,0,4.5,0,1,0,0,0,1,2013,1,112,1,0,0,0
250,1,1,0,3,0,0,0,0,0,0,2010,1,112,1,-1,-1,-1
250,2,1,0,3,0,0,0,0,0,0,2011,1,112,1,0,0,0
251,1,1,1,4.5,0,0,0,0,1,0,2010,1,112,1,-1,-1,-1
251,2,1,1,4.5,0,0,0,0,0,0,2011,1,112,1,1,1,1
251,4,1,1,4,1,1,0,0,0,0,2013,1,112,1,0,0,0
252,1,1,0,3.5,0,0,0,0,0,0,2010,1,112,1,-1,-1,-1
252,2,1,0,3.5,0,0,0,0,0,0,2011,1,112,1,0,0,0
252,4,1,0,4.5,0,0,1,0,0,0,2013,1,112,1,0,0,0
253,1,1,1,4,0,1,0,0,0,0,2010,1,112,1,-1,-1,-1
253,4,1,1,4.5,0,1,0,0,0,1,2013,1,112,1,0,0,0
254,2,1,1,5,0,0,0,0,0,0,2011,1,112,1,0,0.333333333333333,0
254,4,1,1,5,0,0,0,0,0,0,2013,1,112,1,0,0,0
255,1,1,0,4.5,0,0,0,0,0,1,2010,1,112,1,-1,-1,-1
255,2,1,0,4.5,0,0,0,0,0,1,2011,1,112,1,0.333333333333333,1,0.333333333333333
256,2,1,1,4.5,0,0,0,0,0,0,2011,1,112,1,0,0.5,0
256,4,1,1,4.5,0,0,0,0,1,0,2013,1,112,1,0,0,0
257,1,1,1,2.5,0,0,0,0,0,0,2010,1,112,1,-1,-1,-1
257,2,1,1,3.5,0,1,0,0,0,0,2011,1,112,1,0,0,0
257,4,1,1,4.5,0,1,0,0,1,0,2013,1,112,1,0,0,0
258,1,1,0,4,0,0,0,0,0,0,2010,1,112,1,-1,-1,-1
258,2,1,0,4.5,0,0,0,0,0,0,2011,1,112,1,0.5,1,0.5
258,4,1,0,3.5,1,1,1,1,1,0,2013,1,112,1,0,0,0
259,1,1,0,5,0,0,0,0,0,1,2010,1,112,1,-1,-1,-1
259,2,1,0,5,0,0,0,0,0,0,2011,1,112,1,0.5,0,0
259,4,1,0,5,0,0,0,1,0,0,2013,1,112,1,0,0,0
261,1,0,1,4,0,0,0,1,0,0,2010,1,112,1,-1,-1,-1
261,2,0,1,3.5,0,0,0,1,0,0,2011,1,112,1,0.25,0.25,0.25
261,4,0,1,4,1,1,1,1,1,1,2013,1,112,1,0,0,0
262,1,0,0,3.5,0,0,0,0,0,0,2010,1,112,1,-1,-1,-1
262,4,0,0,3.5,0,0,0,0,0,0,2013,1,112,1,0,0,0
263,2,1,1,5,0,0,0,0,0,0,2011,1,112,1,0.363636363636364,0.545454545454545,0.272727272727273
263,4,1,1,5,0,1,0,0,1,1,2013,1,112,1,0,0,0
265,1,1,1,2.5,0,1,1,1,0,1,2010,1,112,1,-1,-1,-1
265,4,1,1,3.5,1,1,1,0,0,1,2013,1,112,1,0,0,0
266,1,1,1,4.5,0,1,0,0,0,1,2010,1,112,1,-1,-1,-1
266,2,1,1,4.5,0,1,0,0,0,1,2011,1,112,1,0.25,0.5,0.25
266,4,1,1,4.5,0,1,0,0,0,1,2013,1,112,1,0,0,0
267,1,1,1,4.5,0,0,0,0,0,0,2010,1,112,1,-1,-1,-1
267,2,1,1,4.5,0,0,0,0,0,0,2011,1,112,1,0,0.2,0
267,4,1,1,4.5,0,0,0,0,0,1,2013,1,112,1,0,0,0
268,1,1,1,3,0,1,0,0,0,1,2010,1,112,1,-1,-1,-1
268,2,1,1,3,0,1,0,0,0,0,2011,1,112,1,0,0,0
268,4,1,1,4.5,0,1,0,0,1,0,2013,1,112,1,0,0,0
269,1,0,1,4.5,0,0,0,0,0,0,2010,1,112,1,-1,-1,-1
269,2,0,1,4.5,0,0,0,0,0,0,2011,1,112,1,0,0,0
270,1,0,0,4.5,0,0,0,0,0,1,2010,1,112,1,-1,-1,-1
270,2,0,0,3.5,0,0,0,0,0,0,2011,1,112,1,0,0.5,0.25
270,4,0,0,3.5,1,1,1,1,0,1,2013,1,112,1,0,0,0
271,1,1,1,5,0,1,0,1,0,0,2010,1,112,1,-1,-1,-1
271,2,1,1,4.5,0,1,0,1,0,0,2011,1,112,1,0,0,0
271,4,1,1,5,0,1,0,1,1,0,2013,1,112,1,0,0,0
272,1,1,1,4.5,0,0,0,0,0,0,2010,1,112,1,-1,-1,-1
272,2,1,1,4.5,0,0,0,0,0,1,2011,1,112,1,0,0.25,0.25
273,1,0,0,5,0,0,0,0,0,0,2010,1,112,1,-1,-1,-1
273,2,0,1,5,0,0,0,0,0,0,2011,1,112,1,0.0909090909090909,0.0909090909090909,0.0909090909090909
273,4,0,1,5,0,0,0,0,0,0,2013,1,112,1,0,0,0
274,1,0,0,3.5,0,0,0,0,0,0,2010,1,112,1,-1,-1,-1
274,4,0,0,3.5,0,1,0,0,0,0,2013,1,112,1,0,0,0
275,1,0,1,4.75,0,0,0,0,0,0,2010,1,112,1,-1,-1,-1
275,2,0,1,5,0,0,0,0,0,0,2011,1,112,1,0,0,0
275,4,0,1,4.5,0,0,0,0,1,1,2013,1,112,1,0,0,0
276,1,0,0,1.5,0,1,0,0,0,1,2010,1,112,1,-1,-1,-1
276,2,0,0,2,1,1,0,0,0,1,2011,1,112,1,0.5,0.5,0.5
276,4,0,0,3.5,1,1,1,0,0,1,2013,1,112,1,0,0,0
279,1,1,1,3.5,0,1,0,1,0,0,2010,1,112,1,-1,-1,-1
279,2,1,1,3,0,1,0,0,0,0,2011,1,112,1,0.333333333333333,0.333333333333333,0.333333333333333
279,4,1,1,3.5,0,1,0,0,1,0,2013,1,112,1,0,0,0
280,1,0,0,4.5,0,0,0,0,0,0,2010,1,112,1,-1,-1,-1
280,2,0,0,4.5,0,0,0,0,0,0,2011,1,112,1,0,0,0
280,4,0,0,4.5,0,0,0,0,0,1,2013,1,112,1,0,0,0
281,1,0,1,5,0,0,0,0,0,1,2010,1,112,1,-1,-1,-1
281,2,0,1,5,0,1,0,0,0,0,2011,1,112,1,0.125,0.125,0.125
281,4,0,1,4.5,0,1,0,0,0,0,2013,1,112,1,0,0,0
282,1,0,1,4.5,0,0,0,0,0,0,2010,1,112,1,-1,-1,-1
282,2,0,1,4.5,1,1,0,0,0,0,2011,1,112,1,0,0,0
282,4,0,1,3.5,1,1,0,0,0,0,2013,1,112,1,0,0,0
284,1,0,1,5,0,0,0,0,0,0,2010,1,112,1,-1,-1,-1
284,4,0,1,4.5,0,0,0,0,0,0,2013,1,112,1,0,0,0
285,1,0,1,5,0,0,0,0,0,0,2010,1,112,1,-1,-1,-1
285,2,0,1,5,0,0,0,0,0,0,2011,1,112,1,0,0,0
285,4,0,1,4.5,0,0,0,0,0,0,2013,1,112,1,0,0,0
286,1,1,1,3.5,0,0,0,0,0,0,2010,1,112,1,-1,-1,-1
286,2,1,1,4.5,0,0,0,0,0,1,2011,1,112,1,0.25,0.25,0
286,4,1,1,4.5,0,1,0,0,0,0,2013,1,112,1,0,0,0
287,2,1,0,4,0,0,0,0,0,0,2011,1,113,1,0,0.333333333333333,0.333333333333333
287,3,1,0,4.5,0,0,0,0,0,0,2012,1,113,1,0,0,0
287,4,1,0,3.5,0,0,0,0,0,0,2013,1,113,1,0,0.5,0.166666666666667
289,1,1,1,3.5,0,0,0,0,0,0,2010,1,113,1,-1,-1,-1
289,2,1,1,3.5,0,0,0,1,0,1,2011,1,113,1,1,1,1
289,3,1,1,4.5,0,0,0,0,0,0,2012,1,113,1,0.666666666666667,0.666666666666667,0.666666666666667
289,4,1,1,4,0,0,0,0,0,1,2013,1,113,1,0.333333333333333,0.5,0.5
290,1,1,0,3.5,0,0,0,0,0,0,2010,1,113,1,-1,-1,-1
290,2,1,0,2.5,0,0,0,0,0,0,2011,1,113,1,0,0,0
290,3,1,0,1.5,0,0,0,0,0,0,2012,1,113,1,0,0,0
290,4,1,0,3.5,0,0,0,0,0,0,2013,1,113,1,0.75,0.75,0.75
292,1,0,0,4,0,0,0,0,0,0,2010,1,113,1,-1,-1,-1
292,2,0,0,4,0,0,0,0,0,1,2011,1,113,1,0.5,0.5,0.5
292,3,0,0,4.5,0,0,0,0,0,0,2012,1,113,1,0.5,0.5,0.5
292,4,0,0,4.5,0,0,0,0,0,0,2013,1,113,1,0,0,0
293,2,1,1,4.5,0,1,0,0,0,1,2011,1,113,1,0,0.666666666666667,0.333333333333333
293,3,1,1,4,0,1,1,0,0,1,2012,1,113,1,0.4,0.6,0.6
293,4,1,1,3.5,0,1,1,0,1,1,2013,1,113,1,0.666666666666667,1,0.666666666666667
294,2,1,1,4.5,0,1,1,1,0,0,2011,1,113,1,0,0.25,0.25
294,3,1,1,3.5,0,1,1,0,0,0,2012,1,113,1,0.666666666666667,1,1
294,4,1,1,3.5,0,1,1,0,0,0,2013,1,113,1,0,0,0
295,1,1,0,3,0,0,0,0,0,0,2010,1,113,1,-1,-1,-1
295,2,1,0,3,0,1,0,0,0,1,2011,1,113,1,0,0.5,0.5
295,3,1,0,3.5,0,1,0,0,0,0,2012,1,113,1,0,0.2,0
295,4,1,0,3.5,0,1,0,0,0,0,2013,1,113,1,0.444444444444444,0.555555555555556,0.333333333333333
296,1,1,1,4.5,0,0,0,0,0,0,2010,1,113,1,-1,-1,-1
296,2,1,1,5,0,0,0,0,0,0,2011,1,113,1,0,0.666666666666667,0
296,4,1,1,3.5,1,1,1,0,0,0,2013,1,113,1,0,0,0
297,3,1,1,3.5,1,1,0,0,0,0,2012,1,113,1,0,0,0
297,4,1,1,3.5,1,1,1,0,0,0,2013,1,113,1,0.375,0.875,0.375
298,1,1,1,3.5,0,0,0,0,0,1,2010,1,113,1,-1,-1,-1
298,2,1,1,2.5,0,0,0,0,0,0,2011,1,113,1,0.75,0.75,0.75
298,3,1,1,3.5,0,0,0,0,0,0,2012,1,113,1,0.333333333333333,0.333333333333333,0.333333333333333
298,4,1,1,4.5,0,0,0,0,0,0,2013,1,113,1,0.5,0.5,0.666666666666667
300,1,0,1,3.5,0,1,0,0,0,1,2010,1,113,1,-1,-1,-1
300,2,0,1,3,0,1,0,0,0,1,2011,1,113,1,0,0,0
300,3,0,1,3,0,1,0,0,0,1,2012,1,113,1,0,0,0
300,4,0,1,3,0,1,0,0,0,1,2013,1,113,1,0,0,0
301,3,1,1,2.5,0,0,0,0,0,0,2012,1,113,1,0,0,0
301,4,1,1,3.5,0,0,0,0,0,0,2013,1,113,1,0.285714285714286,0.714285714285714,0.428571428571429
302,1,1,1,3.5,0,0,0,0,0,1,2010,1,113,1,-1,-1,-1
302,2,1,1,2.5,0,0,0,0,0,0,2011,1,113,1,0.25,0.75,0.25
302,3,1,1,3.5,0,1,0,0,0,1,2012,1,113,1,0,0,0
302,4,1,1,3.5,0,1,0,0,0,1,2013,1,113,1,0.333333333333333,0.666666666666667,0.333333333333333
304,3,1,1,2.5,0,0,0,0,0,0,2012,1,113,1,0,0,0
304,4,1,1,2.5,0,1,1,0,0,0,2013,1,113,1,1,1,1
305,1,1,0,4.5,0,0,0,0,0,0,2010,1,113,1,-1,-1,-1
305,2,1,0,3.5,0,0,0,0,0,0,2011,1,113,1,0,0,0
305,4,1,0,3.5,0,0,1,0,0,0,2013,1,113,1,0,0,0
306,1,1,0,4.5,0,1,0,0,0,0,2010,1,113,1,-1,-1,-1
306,2,1,0,4.5,0,1,0,0,0,0,2011,1,113,1,0,0.2,0.4
306,3,1,0,4,0,1,0,0,0,0,2012,1,113,1,0,0,0
306,4,1,0,4.5,0,1,1,0,1,0,2013,1,113,1,0,0,0
307,1,1,0,3.5,0,1,0,0,0,0,2010,1,113,1,-1,-1,-1
307,2,1,0,4.5,0,1,0,0,0,0,2011,1,113,1,0,0.666666666666667,0.166666666666667
307,3,1,0,4,0,1,0,0,0,0,2012,1,113,1,0,0.625,0.125
307,4,1,0,3.5,0,1,0,0,0,0,2013,1,113,1,0,0.8,0
308,1,1,1,4,0,1,0,0,0,1,2010,1,113,1,-1,-1,-1
308,2,1,1,3.83333333333333,0,1,0,0,0,1,2011,1,113,1,0,0,0
308,3,1,1,3.5,0,1,0,0,0,1,2012,1,113,1,0.333333333333333,1,0.333333333333333
308,4,1,1,4,0,1,1,0,0,1,2013,1,113,1,0,0,0
309,1,1,0,3.5,0,1,0,0,0,1,2010,1,113,1,-1,-1,-1
309,2,1,0,4.5,0,1,0,0,0,1,2011,1,113,1,0,1,0
309,3,1,0,4.5,0,1,0,0,0,1,2012,1,113,1,0.166666666666667,0.5,0
309,4,1,0,3.5,0,1,1,0,1,1,2013,1,113,1,0.1,0.8,0.2
310,3,1,1,2.5,0,0,0,1,0,0,2012,1,113,1,0,0,0
310,4,1,1,3.5,0,1,0,1,1,1,2013,1,113,1,0.5,0.5,0.5
311,1,1,1,4,0,1,0,0,0,0,2010,1,113,1,-1,-1,-1
311,2,1,1,3.5,0,1,0,0,0,0,2011,1,113,1,0,0,0
311,3,1,1,4,0,1,0,0,0,0,2012,1,113,1,0,0,0
311,4,1,1,4.5,0,1,0,0,1,0,2013,1,113,1,0.25,0.5,0.375
312,1,0,0,5,0,0,0,0,0,1,2010,1,113,1,-1,-1,-1
312,2,0,0,5,0,0,0,0,0,1,2011,1,113,1,0,0.5,0
312,4,0,0,4.5,0,1,0,0,0,0,2013,1,113,1,0,0,0
313,1,1,1,3.5,0,1,0,0,0,1,2010,1,113,1,-1,-1,-1
313,2,1,1,3.5,0,1,0,0,0,1,2011,1,113,1,0.333333333333333,0.333333333333333,0.166666666666667
313,3,1,1,4,0,1,0,0,0,1,2012,1,113,1,0.25,0.25,0.25
313,4,1,1,3.5,0,1,1,0,1,1,2013,1,113,1,0.4,0.6,0.4
314,1,1,0,3.5,0,1,1,0,0,1,2010,1,113,1,-1,-1,-1
314,2,1,0,3,0,1,1,0,0,1,2011,1,113,1,0.666666666666667,1,0.333333333333333
314,3,1,0,3,0,1,1,0,0,1,2012,1,113,1,0,0.666666666666667,0
314,4,1,0,3.5,0,1,1,0,1,1,2013,1,113,1,0.285714285714286,0.714285714285714,0.285714285714286
316,1,1,1,5,0,0,0,0,0,0,2010,1,113,1,-1,-1,-1
316,2,1,1,4.5,0,0,0,0,0,0,2011,1,113,1,0,0,0
316,3,1,1,4.5,0,0,0,0,0,0,2012,1,113,1,0,0,0
316,4,1,1,4.5,0,0,0,0,0,0,2013,1,113,1,0,0,0
317,3,1,0,2,0,1,1,0,0,0,2012,1,113,1,0,0,0
317,4,1,0,2.5,1,1,1,0,1,0,2013,1,113,1,0.5,0.5,0.5
318,1,1,0,3.5,0,0,0,0,0,0,2010,1,113,1,-1,-1,-1
318,3,1,0,3.5,0,1,1,0,0,1,2012,1,113,1,0,0,0
318,4,1,0,3,0,1,1,0,0,1,2013,1,113,1,0.5,0.75,0.5
319,1,1,1,4.5,0,0,0,0,0,0,2010,1,113,1,-1,-1,-1
319,2,1,1,4.5,1,0,0,0,0,0,2011,1,113,1,0,0,0
319,3,1,1,5,1,1,0,0,0,0,2012,1,113,1,0.5,0.5,0.5
319,4,1,1,5,1,1,0,0,0,0,2013,1,113,1,0.125,0.375,0
320,1,1,0,4.5,1,1,0,0,0,1,2010,1,113,1,-1,-1,-1
320,3,1,0,3.5,1,1,0,0,0,0,2012,1,113,1,0.4,0.6,0.6
320,4,1,0,3.5,1,1,0,0,0,0,2013,1,113,1,0.153846153846154,0.538461538461538,0.307692307692308
322,3,1,1,3.5,0,0,0,0,0,0,2012,1,113,1,0,0,0
322,4,1,1,2.5,0,0,0,0,0,0,2013,1,113,1,0.333333333333333,0.333333333333333,0.333333333333333
323,1,1,0,4,0,0,0,0,0,1,2010,1,113,1,-1,-1,-1
323,2,1,0,4.5,0,0,0,0,0,1,2011,1,113,1,0,0.5,0
323,3,1,0,4,0,0,0,0,0,1,2012,1,113,1,0,0.5,0
323,4,1,0,3.5,0,0,0,0,0,1,2013,1,113,1,0,0.5,0
324,1,1,0,4,0,0,0,0,0,1,2010,1,113,1,-1,-1,-1
324,2,1,0,3.5,0,1,0,0,0,1,2011,1,113,1,0.25,0.5,0.5
324,4,1,0,3.5,0,1,1,1,1,1,2013,1,113,1,0.428571428571429,0.714285714285714,0.428571428571429
325,2,1,1,3,0,0,0,0,0,1,2011,1,113,1,0.333333333333333,1,0.333333333333333
325,3,1,1,3.5,0,1,0,0,0,1,2012,1,113,1,0.333333333333333,0.666666666666667,0.333333333333333
325,4,1,1,3.5,0,1,0,0,1,1,2013,1,113,1,0.285714285714286,0.571428571428571,0.285714285714286
326,1,1,1,5,0,0,0,0,0,0,2010,1,113,1,-1,-1,-1
326,2,1,1,5,0,0,0,0,0,1,2011,1,113,1,0.333333333333333,0.5,0.333333333333333
326,3,1,1,5,0,0,0,0,0,1,2012,1,113,1,0.25,0.5,0.25
326,4,1,1,5,0,0,0,0,0,1,2013,1,113,1,0.2,0.7,0.3
328,1,1,1,4.5,0,0,0,0,0,0,2010,1,113,1,-1,-1,-1
328,2,1,1,4.5,0,0,0,0,0,0,2011,1,113,1,0.333333333333333,0.333333333333333,0
328,3,1,1,3.5,0,0,0,0,0,0,2012,1,113,1,0.222222222222222,0.444444444444444,0.111111111111111
328,4,1,1,3,0,0,0,0,0,0,2013,1,113,1,0.2,0.5,0.1
329,1,1,1,2.5,0,0,0,0,0,1,2010,1,113,1,-1,-1,-1
329,2,1,1,2.5,0,0,0,0,0,0,2011,1,113,1,0.5,0.5,0.5
329,3,1,1,3.5,0,0,0,0,0,0,2012,1,113,1,0.5,0.5,0.5
329,4,1,1,4.5,0,0,0,0,0,0,2013,1,113,0,0.4,0.6,0.4
330,1,1,1,2,0,1,1,0,0,0,2010,1,113,0,-1,-1,-1
330,4,1,1,2,0,1,1,0,0,0,2013,1,113,0,0,0,0
331,1,1,1,3,0,1,1,0,0,1,2010,1,113,1,-1,-1,-1
331,2,1,1,3,0,1,1,0,0,0,2011,1,113,1,0,0.4,0
331,4,1,1,4,0,1,1,0,0,1,2013,1,113,1,0,0,0
332,1,1,1,4,0,0,0,0,0,1,2010,1,113,1,-1,-1,-1
332,2,1,1,4.5,0,0,0,0,0,1,2011,1,113,1,0.5,1,0.25
332,3,1,1,4.5,0,0,0,0,0,1,2012,1,113,1,1,1,0.666666666666667
333,1,1,1,4.5,0,0,0,0,0,0,2010,1,113,1,-1,-1,-1
333,2,1,1,4.5,0,0,0,0,0,0,2011,1,113,1,0,0.666666666666667,0.333333333333333
333,4,1,1,4.5,0,0,0,0,0,0,2013,1,113,1,0,0,0
334,2,1,1,3,0,0,0,1,0,1,2011,1,113,1,0,0.333333333333333,0
334,3,1,1,4,0,1,0,1,0,1,2012,1,113,1,0,0.333333333333333,0.166666666666667
334,4,1,1,3.5,0,1,0,0,0,1,2013,1,113,1,0.222222222222222,0.777777777777778,0.222222222222222
335,1,0,1,4.5,0,0,0,0,0,0,2010,1,113,1,-1,-1,-1
335,2,0,1,4.5,0,0,0,1,0,0,2011,1,113,1,0,0.25,0
335,3,0,1,3.5,0,0,0,0,0,0,2012,1,113,1,0,0.25,0
335,4,0,1,4,0,0,0,0,0,0,2013,1,113,1,0,0.333333333333333,0
336,1,1,0,2.5,0,0,0,0,0,0,2010,1,113,1,-1,-1,-1
336,2,1,0,3,0,0,0,0,0,0,2011,1,113,1,0,0,0
336,3,1,0,3,0,0,1,0,0,0,2012,1,113,1,0,0,0
337,2,1,0,3.5,0,0,0,0,0,0,2011,1,113,1,0,0.428571428571429,0.142857142857143
337,3,1,0,3.5,0,0,0,0,0,0,2012,1,113,1,0,0.666666666666667,0.333333333333333
337,4,1,0,3.5,0,1,1,0,0,1,2013,1,113,1,0.333333333333333,0.666666666666667,0.5
338,1,0,0,4,0,0,0,0,0,1,2010,1,113,1,-1,-1,-1
338,2,0,0,3.5,0,0,0,0,0,1,2011,1,113,1,0.25,0.5,0
338,4,0,0,4,0,1,1,0,1,0,2013,1,113,1,0,0,0
340,2,1,1,4.5,0,1,1,0,0,0,2011,1,113,1,0,0,0
340,4,1,1,3.5,1,1,1,0,0,0,2013,1,113,1,1,1,1
342,1,1,1,4.5,0,0,0,0,0,1,2010,1,113,1,-1,-1,-1
342,2,1,1,5,0,0,0,0,0,0,2011,1,113,1,0.333333333333333,0.333333333333333,0.333333333333333
342,4,1,1,3,0,0,0,0,0,1,2013,1,113,1,0,0,0
343,3,1,1,4.5,0,1,0,0,0,0,2012,1,113,1,0,0,0
343,4,1,1,4,0,1,0,0,0,1,2013,1,113,1,0,1,0.5
344,1,1,1,3.5,0,1,0,0,0,1,2010,1,113,1,-1,-1,-1
344,2,1,1,3.5,0,1,0,0,0,1,2011,1,113,1,0,1,0
344,3,1,1,3.5,0,1,0,0,0,1,2012,1,113,1,0,1,0
344,4,1,1,4,1,1,1,0,0,1,2013,1,113,1,0.5,1,1
345,1,1,1,4.5,0,1,1,0,0,1,2010,1,113,1,-1,-1,-1
345,2,1,1,4.5,0,1,1,0,0,1,2011,1,113,1,0.4,1,0.6
345,3,1,1,4.5,0,1,1,0,0,0,2012,1,113,1,0.5,0.5,0.5
346,1,1,0,5,0,0,0,0,0,0,2010,1,113,1,-1,-1,-1
346,2,1,0,3.5,0,0,0,0,0,0,2011,1,113,1,0,0,0
346,3,1,0,4.5,0,0,0,0,0,0,2012,1,113,1,0,0,0
346,4,1,0,4.5,0,0,0,0,1,0,2013,1,113,1,1,1,1
347,1,1,1,4.5,1,1,0,0,0,1,2010,1,113,1,-1,-1,-1
347,2,1,1,4.5,1,1,0,0,0,1,2011,1,113,1,0,0,0
347,4,1,1,3.5,1,1,1,0,1,1,2013,1,113,1,0,0,0
348,1,0,0,3.5,0,0,0,0,0,0,2010,1,113,1,-1,-1,-1
348,3,0,0,3.5,0,0,0,0,0,1,2012,1,113,1,0.333333333333333,1,0.666666666666667
348,4,0,0,3.5,0,1,0,1,1,0,2013,1,113,1,0.5,1,0
349,1,1,0,2.5,0,1,0,0,0,1,2010,1,113,1,-1,-1,-1
349,2,1,0,1.5,0,1,0,0,0,1,2011,1,113,1,0,0,0
349,3,1,0,3.5,0,1,1,0,0,1,2012,1,113,1,0,0,0
349,4,1,0,2.5,0,1,1,0,1,0,2013,1,113,1,1,1,1
350,2,1,0,3.5,0,0,0,1,0,1,2011,1,113,1,0.25,0.5,0.5
350,3,1,0,3.5,0,1,0,0,0,1,2012,1,113,1,0,0.5,0
350,4,1,0,3.5,0,1,0,0,1,1,2013,1,113,1,0.6,0.8,0.8
351,1,1,0,3.5,0,0,0,1,0,0,2010,1,113,1,-1,-1,-1
351,2,1,0,3.5,1,1,0,0,0,1,2011,1,113,1,0,0,0
351,4,1,0,3.5,1,1,1,0,0,1,2013,1,113,1,0,0.5,0
352,3,1,0,3,0,1,1,0,0,0,2012,1,113,1,0,0,0
352,4,1,0,2.5,0,1,1,0,1,0,2013,1,113,1,0,0,0
353,3,1,0,5,0,1,0,0,0,1,2012,1,113,1,0,0,0
353,4,1,0,4.5,0,1,1,0,0,1,2013,1,113,1,0,0.333333333333333,0.333333333333333
354,2,1,1,4,1,1,0,0,0,1,2011,1,113,1,0,0,0
354,4,1,1,3,1,1,1,0,1,1,2013,1,113,1,0,0,0
355,1,1,1,3.5,0,1,0,0,0,1,2010,1,113,1,-1,-1,-1
355,2,1,1,3.5,0,1,0,1,0,1,2011,1,113,1,0,0.666666666666667,0
355,4,1,1,3.5,1,1,1,0,0,1,2013,1,113,1,0.166666666666667,0.666666666666667,0.333333333333333
356,1,1,1,3.83333333333333,0,1,0,0,0,1,2010,1,113,1,-1,-1,-1
356,2,1,1,3,0,1,0,0,0,1,2011,1,113,1,0.5,0.75,0.25
356,3,1,1,4.5,0,1,1,0,0,1,2012,1,113,1,0,0.333333333333333,0
356,4,1,1,4,0,1,1,0,1,1,2013,1,113,1,0.2,0.6,0.2
357,1,1,0,4.5,0,0,0,0,0,0,2010,1,113,1,-1,-1,-1
357,2,1,0,4.5,0,0,0,0,0,0,2011,1,113,1,0,0.5,0.166666666666667
357,3,1,0,5,0,0,0,0,0,0,2012,1,113,1,0,1,0.333333333333333
357,4,1,0,5,0,0,1,0,0,0,2013,1,113,1,0.2,0.7,0.1
358,1,1,1,3.5,0,0,0,0,0,0,2010,1,113,1,-1,-1,-1
358,2,1,1,3.5,0,0,0,0,0,0,2011,1,113,1,0,0,0
358,3,1,1,4,0,1,0,0,0,1,2012,1,113,1,0,0.25,0
358,4,1,1,3.5,0,1,0,0,0,0,2013,1,113,1,0.555555555555556,0.444444444444444,0.555555555555556
360,1,0,1,5,0,0,0,0,0,0,2010,1,113,1,-1,-1,-1
360,2,0,1,5,0,0,0,0,0,0,2011,1,113,1,0,1,0
360,3,0,1,5,0,0,0,0,0,0,2012,1,113,1,0,1,0
360,4,0,1,5,0,0,0,0,0,0,2013,1,113,1,1,1,1
361,1,1,1,4.5,0,1,0,0,0,1,2010,1,113,1,-1,-1,-1
361,2,1,1,3.5,0,1,0,0,0,1,2011,1,113,1,0,0,0
361,3,1,1,3.5,0,1,0,0,0,0,2012,1,113,1,0,0,0
361,4,1,1,3.5,0,1,0,0,0,1,2013,1,113,1,0,1,0.5
362,1,1,1,3.5,0,1,0,0,0,0,2010,1,113,1,-1,-1,-1
362,2,1,1,3.5,0,1,0,0,0,1,2011,1,113,1,0,1,0
362,3,1,1,3,0,1,0,0,0,1,2012,1,113,1,0,1,0
362,4,1,1,3.5,0,1,0,0,0,1,2013,1,113,1,0,0.5,0
363,1,1,1,3.25,0,0,0,0,0,0,2010,1,113,0,-1,-1,-1
363,2,1,1,3,0,0,0,0,0,0,2011,1,113,1,0.454545454545455,0.545454545454545,0.454545454545455
363,4,1,1,3.5,0,1,0,0,1,1,2013,1,113,1,0,0,0
364,1,1,0,3.5,0,1,1,0,0,1,2010,1,113,1,-1,-1,-1
364,4,1,0,4.5,1,1,1,0,0,0,2013,1,113,1,0.75,0.5,0.75
365,1,1,1,2,0,0,0,1,0,0,2010,1,113,1,-1,-1,-1
365,4,1,1,3.5,1,1,1,0,0,0,2013,1,113,1,0,0,0
366,3,1,1,3.5,0,0,0,0,0,1,2012,1,113,1,0,0,0
366,4,1,1,2.5,0,0,0,0,0,0,2013,1,113,1,0.333333333333333,0.666666666666667,0.166666666666667
367,1,1,1,3.5,0,1,0,1,0,0,2010,1,113,1,-1,-1,-1
367,2,1,1,1.5,0,1,0,1,0,0,2011,1,113,1,0.333333333333333,0.333333333333333,0.333333333333333
367,3,1,1,1.5,0,1,0,1,0,0,2012,1,113,1,0.333333333333333,0.333333333333333,0.333333333333333
367,4,1,1,3.5,1,1,0,1,1,0,2013,1,113,1,0.2,0.8,0.2
368,1,1,1,4.5,0,1,0,0,1,0,2010,1,113,1,-1,-1,-1
368,2,1,1,4.5,0,1,0,0,0,0,2011,1,113,1,0.166666666666667,0.5,0.333333333333333
368,3,1,1,4.5,0,1,0,0,0,0,2012,1,113,1,0.285714285714286,0.714285714285714,0.428571428571429
368,4,1,1,4.5,0,1,0,0,0,0,2013,1,113,1,0.222222222222222,0.666666666666667,0.444444444444444
369,3,1,1,4.5,0,0,0,0,0,0,2012,1,113,1,0,0,0
369,4,1,1,3.5,0,0,0,0,0,0,2013,1,113,0,0.125,0.25,0.125
370,1,1,0,3.5,0,0,0,0,0,1,2010,1,113,1,-1,-1,-1
370,2,1,0,3.5,0,0,0,0,0,0,2011,1,113,0,0.333333333333333,0.666666666666667,0.333333333333333
370,3,1,0,3.5,0,0,0,0,0,1,2012,1,113,1,0.5,1,0.5
370,4,1,0,2.5,1,0,1,0,1,1,2013,1,113,1,0.5,1,0.5
371,3,1,1,3.5,0,0,0,0,0,0,2012,1,113,1,0,0,0
371,4,1,1,3.5,0,1,0,1,1,0,2013,1,113,1,0.5,1,0.5
372,2,1,0,4.16666666666667,0,0,0,0,0,0,2011,1,113,1,0,0.5,0.2
372,3,1,0,4.5,0,1,0,0,0,1,2012,1,113,1,0.142857142857143,0.571428571428571,0.142857142857143
372,4,1,0,3.5,0,1,0,0,1,1,2013,1,113,1,0.333333333333333,1,0.444444444444444
374,3,1,1,2.5,0,0,0,0,0,0,2012,1,113,1,0,0,0
374,4,1,1,3.5,0,0,0,0,0,0,2013,1,113,1,0,0,0
375,3,1,1,1.5,0,0,0,0,0,1,2012,1,113,1,0,0,0
375,4,1,1,2.5,0,0,0,0,0,0,2013,1,113,1,1,1,1
376,1,1,1,4,0,1,0,0,0,0,2010,1,113,1,-1,-1,-1
376,2,1,1,4,0,1,1,0,0,0,2011,1,113,1,0,0.25,0
376,3,1,1,3.5,0,1,1,0,0,0,2012,1,113,1,0,0.75,0
380,1,0,0,3.5,0,1,1,0,0,1,2010,1,113,1,-1,-1,-1
380,4,0,0,4.5,1,1,1,1,1,1,2013,1,113,1,0.5,1,1
381,1,1,1,3.5,0,0,0,0,0,1,2010,1,113,1,-1,-1,-1
381,2,1,1,3.5,0,0,0,0,0,1,2011,1,113,1,0,0.25,0
381,3,1,1,3.5,0,0,0,0,0,1,2012,1,113,1,0,0.75,0
381,4,1,1,3.5,0,0,0,0,1,1,2013,1,113,1,0.5,0.875,0.625
384,1,1,0,3.5,0,1,0,0,0,1,2010,1,113,1,-1,-1,-1
384,2,1,0,3.5,0,1,0,0,0,1,2011,1,113,1,0,0.6,0.2
384,3,1,0,3.5,0,1,0,0,0,1,2012,1,113,1,0,1,0.2
384,4,1,0,4,0,1,0,0,0,1,2013,1,113,1,0,0.75,0.25
385,1,1,1,4,0,0,0,0,0,1,2010,1,113,1,-1,-1,-1
385,2,1,1,3.5,0,0,0,0,0,1,2011,1,113,1,0,0,0
385,3,1,1,3.5,0,0,0,0,0,1,2012,1,113,1,0,0.333333333333333,0
385,4,1,1,3.5,0,0,0,0,0,1,2013,1,113,1,0.5,1,0.5
386,1,1,1,3.5,0,0,0,0,0,1,2010,1,113,1,-1,-1,-1
386,2,1,1,2.5,0,0,0,0,0,1,2011,1,113,1,0,0,0
386,3,1,1,4.5,0,0,0,0,0,1,2012,1,113,1,0.25,0.25,0.25
386,4,1,1,4.5,0,0,0,0,1,1,2013,1,113,1,0.333333333333333,0.333333333333333,0.333333333333333
387,2,1,1,2.5,1,1,0,1,0,1,2011,1,113,1,0,0,0
387,3,1,1,2.5,1,1,0,1,0,1,2012,1,113,1,0,0,0
387,4,1,1,2.5,1,1,0,1,1,1,2013,1,113,1,0.625,0.75,0.75
388,1,1,1,4.5,0,0,0,0,0,0,2010,1,113,1,-1,-1,-1
388,2,1,1,4.5,0,1,0,0,0,0,2011,1,113,1,0,1,0
388,3,1,1,4.5,0,1,0,0,0,1,2012,1,113,1,0,0.5,0.5
388,4,1,1,4.5,0,1,0,0,0,0,2013,1,113,1,0.4,0.8,0.4
389,3,1,0,3.5,0,0,0,0,0,0,2012,1,113,1,0,0,0
389,4,1,0,3,0,0,1,0,0,0,2013,1,113,1,0,1,0
390,1,1,0,2.5,0,1,0,0,1,1,2010,1,113,1,-1,-1,-1
390,2,1,0,4,1,1,0,0,0,1,2011,1,113,1,0.5,1,0
390,4,1,0,3.5,1,1,1,0,1,1,2013,1,113,1,0,1,0
391,1,1,1,4.5,0,0,0,0,0,0,2010,1,113,1,-1,-1,-1
391,2,1,1,4.5,0,0,0,0,0,0,2011,1,113,1,0,1,0
391,3,1,1,4.5,0,0,0,0,0,0,2012,1,113,1,0,1,0
391,4,1,1,4.5,0,0,0,0,0,0,2013,1,113,1,0,0.5,0
392,1,1,1,3.5,0,1,0,0,0,0,2010,1,113,1,-1,-1,-1
392,2,1,1,3.5,0,1,0,0,0,0,2011,1,113,1,0,1,0
392,3,1,1,4.5,0,1,0,0,0,0,2012,1,113,1,0,1,0
392,4,1,1,3.5,0,1,0,0,0,0,2013,1,113,1,0,1,0
395,3,1,1,2.5,0,1,1,0,0,1,2012,1,113,1,0,0,0
395,4,1,1,2.5,0,1,1,0,0,0,2013,1,113,0,0.333333333333333,0.666666666666667,0.333333333333333
396,1,1,0,3.5,0,0,0,0,0,1,2010,1,113,1,-1,-1,-1
396,2,1,0,4,0,0,0,0,0,0,2011,1,113,1,0.5,0.5,0.5
396,3,1,0,3,0,0,0,0,0,1,2012,1,113,1,0,0.5,0
396,4,1,0,3.5,0,0,0,0,0,1,2013,1,113,1,0.2,1,0.2
397,1,1,0,4.5,0,0,0,0,0,0,2010,1,113,1,-1,-1,-1
397,2,1,0,4.5,0,0,0,0,0,0,2011,1,113,1,0,0.333333333333333,0
397,3,1,0,3,0,0,0,0,0,0,2012,1,113,1,0.2,0.6,0
397,4,1,0,3.5,0,0,0,0,1,0,2013,1,113,1,0.181818181818182,0.454545454545455,0.272727272727273
398,3,1,0,4,0,1,0,0,0,0,2012,1,113,1,0,0,0
398,4,1,0,4,0,1,0,0,1,1,2013,1,113,1,0.142857142857143,0.785714285714286,0.357142857142857
399,1,1,1,3.5,0,1,0,0,0,0,2010,1,113,0,-1,-1,-1
399,2,1,1,4,0,1,0,0,0,0,2011,1,113,0,0,0.666666666666667,0
399,3,1,1,3.5,0,1,0,0,0,0,2012,1,113,0,0,0.5,0
399,4,1,1,3.5,0,1,0,0,0,0,2013,1,113,0,0.2,0.6,0.4
400,1,1,0,4.5,0,0,0,0,0,0,2010,1,114,1,-1,-1,-1
400,3,1,0,4,1,0,0,0,0,0,2012,1,114,1,0,0,0
400,4,1,0,3.5,1,0,0,1,0,0,2013,1,114,1,0.5,1,0.5
401,1,0,0,5,0,0,0,0,0,0,2010,1,114,1,-1,-1,-1
401,2,0,0,5,0,0,0,0,0,0,2011,1,114,1,0,0,0
401,3,0,0,5,0,0,0,0,0,0,2012,1,114,1,0.142857142857143,0.142857142857143,0.142857142857143
401,4,0,0,5,0,0,0,0,0,0,2013,1,114,1,0.0666666666666667,0.133333333333333,0.0666666666666667
402,1,0,1,5,0,0,0,0,0,1,2010,1,114,1,-1,-1,-1
402,2,0,1,5,0,0,0,0,0,1,2011,1,114,1,0,0.1,0
402,3,0,1,5,0,0,0,0,0,1,2012,1,114,1,0,0,0
402,4,0,1,5,0,0,0,0,1,1,2013,1,114,1,0,0.166666666666667,0
403,1,1,1,4,0,1,0,0,0,0,2010,1,114,1,-1,-1,-1
403,2,1,1,4,0,1,0,1,0,0,2011,1,114,1,0,0.1,0
403,3,1,1,4.5,0,1,0,1,0,1,2012,1,114,1,0.111111111111111,0.333333333333333,0.111111111111111
403,4,1,1,4.5,0,1,0,0,0,0,2013,1,114,1,0.5,0.666666666666667,0.333333333333333
404,1,0,0,5,0,0,0,0,0,0,2010,1,114,1,-1,-1,-1
404,2,0,0,4.5,0,0,0,0,0,0,2011,1,114,1,0,0,0
404,4,0,0,5,0,0,0,0,1,0,2013,1,114,1,0,0,0
405,1,1,1,3.5,0,0,0,0,0,0,2010,1,114,1,-1,-1,-1
405,2,1,1,3.5,0,0,0,0,0,0,2011,1,114,1,0.333333333333333,0.333333333333333,0.333333333333333
405,3,1,1,3.5,0,0,0,0,0,0,2012,1,114,1,0.333333333333333,0.333333333333333,0.333333333333333
406,1,1,1,3.5,1,1,0,0,0,0,2010,1,114,1,-1,-1,-1
406,2,1,1,3.5,1,1,0,0,0,0,2011,1,114,1,1,0.8,0.6
407,1,1,1,3.5,1,0,0,0,0,0,2010,1,114,0,-1,-1,-1
407,3,1,1,2.5,1,1,1,0,0,0,2012,1,114,1,0.666666666666667,0.666666666666667,0.333333333333333
408,1,1,0,4.5,0,0,0,0,0,1,2010,1,114,1,-1,-1,-1
408,2,1,0,3.5,0,0,1,0,0,1,2011,1,114,1,0,0,0
408,3,1,0,2.5,0,1,1,0,0,1,2012,1,114,1,0,0.333333333333333,0.333333333333333
408,4,1,0,3.5,0,1,1,0,0,1,2013,1,114,1,0.363636363636364,0.454545454545455,0.272727272727273
410,3,1,0,3.5,0,0,0,0,0,1,2012,1,114,1,0,0,0
410,4,1,0,3.5,1,1,1,1,1,1,2013,1,114,1,0.25,1,0.75
411,3,0,1,5,0,0,0,0,0,0,2012,1,114,1,0,0,0
411,4,0,1,5,0,0,0,0,0,0,2013,1,114,1,0,0,0
412,3,0,1,3.5,0,1,0,0,0,1,2012,1,114,1,0,0,0
412,4,0,1,4.5,0,1,0,0,0,0,2013,1,114,0,0,0.5,0
413,1,0,0,4.5,0,0,0,0,0,0,2010,1,114,1,-1,-1,-1
413,2,0,0,4.5,0,0,0,0,0,0,2011,1,114,1,0,0.2,0
413,3,0,0,4.5,0,0,0,0,0,0,2012,1,114,1,0,0.2,0.2
413,4,0,0,4.5,0,0,0,0,1,0,2013,1,114,1,0,0.333333333333333,0
415,1,0,1,3,0,0,0,0,0,1,2010,1,114,1,-1,-1,-1
415,2,0,1,3.5,0,0,0,0,0,0,2011,1,114,1,0,0.6,0
415,3,0,1,2.5,1,0,0,0,0,0,2012,1,114,1,0,0,0
415,4,0,1,4.5,1,0,0,0,0,0,2013,1,114,1,0,0.5,0
416,1,0,0,4.5,0,0,0,0,0,0,2010,1,114,1,-1,-1,-1
416,2,0,0,4.5,0,0,0,0,0,0,2011,1,114,1,0.111111111111111,0.222222222222222,0.111111111111111
416,3,0,0,4.5,0,0,0,0,0,0,2012,1,114,0,0.111111111111111,0.444444444444444,0.111111111111111
416,4,0,0,4.5,0,0,0,0,0,0,2013,1,114,1,0,0.5,0
417,1,0,0,4.83333333333333,0,0,0,0,0,0,2010,1,114,1,-1,-1,-1
417,2,0,0,5,0,0,0,0,0,0,2011,1,114,1,0,0,0
417,3,0,0,4.5,0,0,0,0,0,0,2012,1,114,1,0,0.181818181818182,0
417,4,0,0,5,0,0,0,0,0,0,2013,1,114,1,0,0.125,0
418,1,0,1,5,0,0,0,0,0,1,2010,1,114,1,-1,-1,-1
418,2,0,1,5,0,0,0,0,0,1,2011,1,114,1,0,0,0
418,3,0,1,5,0,0,0,0,0,1,2012,1,114,1,0,0.166666666666667,0
418,4,0,1,5,0,0,0,0,1,1,2013,1,114,1,0.142857142857143,0.285714285714286,0.142857142857143
419,1,1,1,4.5,0,0,0,0,0,1,2010,1,114,1,-1,-1,-1
419,2,1,1,5,0,0,0,0,0,1,2011,1,114,1,0,0.272727272727273,0
419,3,1,1,4.5,0,1,0,1,0,1,2012,1,114,1,0,0.3,0
419,4,1,1,3.5,0,1,0,1,1,1,2013,1,114,1,0.142857142857143,0.428571428571429,0.142857142857143
420,1,0,1,5,0,0,0,0,0,0,2010,1,114,1,-1,-1,-1
420,2,0,1,5,0,0,0,0,0,0,2011,1,114,1,0,0,0
420,3,0,1,5,0,0,0,0,0,0,2012,1,114,1,0,0,0
421,1,1,0,3.5,0,1,1,0,0,1,2010,1,114,0,-1,-1,-1
421,4,1,0,3,1,1,1,0,0,1,2013,1,114,0,0.666666666666667,1,0.666666666666667
422,1,1,0,3.5,0,1,0,0,0,0,2010,1,114,1,-1,-1,-1
422,3,1,0,3.5,0,1,0,0,0,0,2012,1,114,1,0,0,0
422,4,1,0,4.5,0,1,0,0,0,0,2013,1,114,1,0,1,0
423,1,0,0,4.5,0,0,0,0,0,0,2010,1,114,1,-1,-1,-1
423,2,0,0,4,0,0,0,0,0,1,2011,1,114,1,0,0,0
424,1,1,0,3.5,0,0,0,0,0,1,2010,1,114,1,-1,-1,-1
424,2,1,0,3.5,0,0,0,0,0,0,2011,1,114,1,0.333333333333333,0.333333333333333,0.166666666666667
424,3,1,0,2.5,0,0,0,0,0,1,2012,1,114,1,0,0.5,0
424,4,1,0,3.5,0,0,0,0,0,1,2013,1,114,1,0.153846153846154,0.692307692307692,0.230769230769231
425,1,0,0,4.5,0,0,0,0,0,0,2010,1,114,1,-1,-1,-1
425,2,0,0,4.5,0,0,0,0,0,0,2011,1,114,1,0,0.142857142857143,0
425,3,0,0,4.5,0,0,0,0,0,0,2012,1,114,1,0,0.428571428571429,0
426,1,1,0,3.5,0,0,0,0,0,1,2010,1,114,1,-1,-1,-1
426,2,1,0,4,0,0,0,0,0,1,2011,1,114,1,0,0.25,0
426,3,1,0,4,0,0,0,0,0,0,2012,1,114,1,0,1,0
426,4,1,0,4.5,0,0,0,0,0,1,2013,1,114,1,0,0.5,0
427,1,0,0,2.5,0,0,0,0,0,0,2010,1,114,1,-1,-1,-1
427,2,0,0,1.5,0,0,0,0,0,0,2011,1,114,1,0.1,0.1,0.1
427,3,0,0,3,0,0,0,0,0,0,2012,1,114,1,0,0,0
427,4,0,0,4,0,0,0,0,0,0,2013,1,114,1,0,0.4,0
428,1,0,1,4.5,0,0,0,0,0,1,2010,1,114,1,-1,-1,-1
428,2,0,1,4.5,0,0,0,0,0,0,2011,1,114,1,0,0,0
428,3,0,1,4.5,0,0,0,0,0,1,2012,1,114,1,0,0,0
428,4,0,1,4.5,0,0,0,0,0,0,2013,1,114,1,0,0,0
429,1,1,1,3.5,0,1,0,0,0,0,2010,1,114,1,-1,-1,-1
429,3,1,0,3.5,0,1,0,0,0,0,2012,1,114,1,0.25,0,0
430,1,1,0,2.5,0,1,0,1,0,0,2010,1,114,1,-1,-1,-1
430,2,1,0,2.5,0,1,0,0,0,0,2011,1,114,1,0.333333333333333,0.333333333333333,0.333333333333333
430,3,1,0,2.5,1,1,0,0,0,0,2012,1,114,1,0.333333333333333,0.666666666666667,0.333333333333333
430,4,1,0,1,1,1,1,0,0,0,2013,1,114,1,0.75,0.75,0.75
431,1,0,1,4.5,0,0,0,0,0,1,2010,1,114,1,-1,-1,-1
431,2,0,1,4.5,0,0,0,0,0,1,2011,1,114,1,0,0,0
431,3,0,1,4.5,0,0,0,0,0,1,2012,1,114,1,0,0,0
431,4,0,1,4.5,0,0,0,0,1,1,2013,1,114,1,0,0,0
432,1,0,1,4.5,0,0,0,0,0,0,2010,1,114,1,-1,-1,-1
432,2,0,1,4.5,0,0,0,0,0,0,2011,1,114,1,0,0,0
432,3,0,1,4.5,0,1,0,0,0,1,2012,1,114,1,0,0,0
432,4,0,1,4.5,0,1,0,0,1,1,2013,1,114,1,0.0769230769230769,0.230769230769231,0.0769230769230769
433,1,0,0,5,0,0,0,0,0,0,2010,1,114,1,-1,-1,-1
433,2,0,0,5,0,0,0,0,0,0,2011,1,114,1,0,0.2,0
433,3,0,0,5,0,1,0,0,0,0,2012,1,114,1,0,0.4,0
433,4,0,0,5,0,1,0,0,1,0,2013,1,114,1,0,0.142857142857143,0
434,1,0,0,3.5,0,0,0,0,0,1,2010,1,114,1,-1,-1,-1
434,2,0,0,3.5,0,0,0,0,0,0,2011,1,114,1,0,0,0
434,3,0,0,3,0,0,0,0,0,1,2012,1,114,1,0,1,0
435,1,1,1,5,0,0,0,0,0,0,2010,1,114,1,-1,-1,-1
435,2,1,1,4.5,0,0,0,0,0,0,2011,1,114,0,0,0,0
435,3,1,1,4.5,0,0,0,0,0,1,2012,1,114,1,0,0,0
435,4,1,1,4.5,0,0,0,0,0,0,2013,1,114,0,0.333333333333333,0,0.333333333333333
437,1,1,1,3.5,0,0,0,0,0,0,2010,1,114,1,-1,-1,-1
437,3,1,1,2.5,0,0,0,0,0,0,2012,1,114,1,0,0,0
437,4,1,1,3.5,0,0,0,0,0,0,2013,1,114,1,0,0.333333333333333,0
438,1,1,0,3.5,0,0,0,1,0,0,2010,1,114,1,-1,-1,-1
438,2,1,0,3.5,0,1,0,1,0,0,2011,1,114,1,0,0,0
438,4,1,0,3.5,1,1,1,1,1,0,2013,1,114,1,1,1,0.666666666666667
439,1,1,1,2.5,0,0,0,1,0,1,2010,1,114,1,-1,-1,-1
439,2,1,1,2.5,0,1,0,1,0,0,2011,1,114,1,0.2,0.6,0.2
439,4,1,1,3.5,0,1,0,1,1,0,2013,1,114,1,0,0,0
440,1,0,1,4.5,0,0,0,0,0,0,2010,1,114,1,-1,-1,-1
440,2,0,1,4.5,0,0,0,0,0,0,2011,1,114,1,0.142857142857143,0,0
440,3,0,1,5,0,0,0,0,0,0,2012,1,114,1,0,0,0
440,4,0,1,5,0,0,0,0,1,0,2013,1,114,1,0,0.125,0
441,3,1,1,3,0,1,0,0,0,1,2012,1,114,1,0,0,0
441,4,1,1,3,0,1,0,0,0,1,2013,1,114,1,0.5,1,0.5
442,1,1,1,3.5,0,0,0,0,0,0,2010,1,114,1,-1,-1,-1
442,2,1,1,3.5,0,0,0,0,0,0,2011,1,114,1,0.125,0.25,0.125
442,4,1,1,3,0,0,0,0,0,0,2013,1,114,1,0,0,0
443,2,1,0,4,0,1,0,0,0,1,2011,1,114,1,0.5,1,0.5
443,4,1,0,3.5,1,1,1,0,1,1,2013,1,114,1,0.666666666666667,0.666666666666667,0.333333333333333
444,3,0,1,4.5,0,0,0,0,0,1,2012,1,114,1,0,0,0
444,4,0,1,4.5,0,1,0,0,0,1,2013,1,114,1,0,0.0909090909090909,0
445,2,1,1,3,0,0,0,1,0,1,2011,1,114,1,0,0,0
445,4,1,1,3.5,1,1,1,1,1,0,2013,1,114,1,1,1,1
446,1,0,0,5,0,0,0,0,0,0,2010,1,114,1,-1,-1,-1
446,2,0,0,4.5,0,0,0,0,0,0,2011,1,114,1,0,0,0
446,3,0,0,5,0,0,0,0,0,0,2012,1,114,1,0,0,0
446,4,0,0,5,0,0,0,0,0,0,2013,1,114,1,0,0,0
447,1,0,0,5,0,0,0,0,0,0,2010,1,114,1,-1,-1,-1
447,2,0,0,4.5,0,0,0,0,0,0,2011,1,114,1,0,0,0
447,3,0,0,5,0,0,0,0,0,0,2012,1,114,1,0,0,0
448,1,0,1,4.5,0,0,0,0,0,0,2010,1,114,1,-1,-1,-1
448,2,0,1,4.5,0,0,0,0,0,0,2011,1,114,1,0,0,0
448,3,0,1,5,0,0,0,0,0,0,2012,1,114,1,0,0,0
448,4,0,1,4.5,0,0,0,0,0,0,2013,1,114,1,0,0,0
449,1,1,1,3.5,0,0,0,0,0,0,2010,1,114,1,-1,-1,-1
449,2,1,1,4,0,1,0,0,0,0,2011,1,114,1,0,0.153846153846154,0.0769230769230769
449,3,1,1,3.5,0,1,0,0,0,0,2012,1,114,1,0,0.4,0.1
449,4,1,1,3.5,0,1,0,0,0,0,2013,1,114,1,0,0.333333333333333,0
450,1,0,1,4.5,0,0,0,0,0,1,2010,1,114,1,-1,-1,-1
450,2,0,1,4.5,0,0,0,0,0,0,2011,1,114,1,0,0,0
450,3,0,1,4.5,0,0,0,0,0,0,2012,1,114,1,0,0.142857142857143,0
450,4,0,1,4.5,0,0,0,0,0,0,2013,1,114,1,0,0,0
451,1,0,1,4.5,0,0,0,0,0,0,2010,1,114,1,-1,-1,-1
451,2,0,1,4.5,0,0,0,0,0,0,2011,1,114,1,0,0.125,0
451,3,0,1,4.5,0,0,0,0,0,0,2012,1,114,1,0,0,0
451,4,0,1,4.5,0,0,0,0,0,0,2013,1,114,1,0,0.333333333333333,0
452,1,1,0,1.5,0,1,0,1,0,1,2010,1,114,1,-1,-1,-1
452,2,1,0,2.5,0,1,1,0,0,1,2011,1,114,0,0,0,0
452,3,1,0,3.5,0,1,1,1,0,1,2012,1,114,1,0,0.5,0.25
452,4,1,0,3.5,1,1,1,1,1,1,2013,1,114,1,0.2,0.8,0.2
453,1,1,1,4,0,0,0,0,0,1,2010,1,114,1,-1,-1,-1
453,2,1,1,3.5,0,0,0,0,0,0,2011,1,114,1,0,0.2,0
453,3,1,1,3.5,0,0,0,0,0,0,2012,1,114,1,0,0.2,0.2
453,4,1,1,3.5,0,0,0,0,1,1,2013,1,114,1,0.142857142857143,0.571428571428571,0.285714285714286
454,1,1,1,4,0,0,0,0,0,0,2010,1,114,1,-1,-1,-1
454,2,1,1,3.5,0,0,0,0,0,0,2011,1,114,1,0,0.4,0
454,3,1,1,3.5,0,0,0,0,0,0,2012,1,114,1,0,0.333333333333333,0.166666666666667
454,4,1,1,3.5,0,0,0,0,0,0,2013,1,114,1,0,0.5,0.25
455,1,1,1,1.5,0,0,1,1,0,0,2010,1,114,1,-1,-1,-1
455,2,1,1,1.5,0,1,1,1,0,0,2011,1,114,1,1,1,0.666666666666667
455,3,1,1,2.5,0,1,1,1,0,0,2012,1,114,1,1,1,1
455,4,1,1,3,0,1,1,1,0,0,2013,1,114,1,1,1,1
456,1,1,0,4.5,0,0,0,0,0,1,2010,1,114,1,-1,-1,-1
456,2,1,0,4.5,0,0,0,0,0,0,2011,1,114,1,0.111111111111111,0.222222222222222,0.111111111111111
456,3,1,0,4.5,0,0,0,0,0,1,2012,1,114,1,0,0,0
456,4,1,0,4.5,0,0,0,1,1,1,2013,1,114,1,0,0.166666666666667,0
457,1,0,0,5,0,0,0,0,0,1,2010,1,114,1,-1,-1,-1
457,2,0,0,4.5,0,0,0,0,0,1,2011,1,114,1,0,0,0
457,3,0,0,4.5,0,0,0,0,0,0,2012,1,114,1,0,0,0
457,4,0,0,4.5,0,0,0,0,0,1,2013,1,114,1,0,0.142857142857143,0
458,1,0,0,4.5,0,0,0,0,0,1,2010,1,114,1,-1,-1,-1
458,2,0,0,5,0,0,0,0,0,0,2011,1,114,0,0,0,0
458,3,0,0,4,0,0,0,0,0,0,2012,1,114,0,0,0,0.333333333333333
458,4,0,0,3,0,0,0,0,0,0,2013,1,114,1,1,1,0
459,1,0,1,3.5,0,0,0,0,0,1,2010,1,114,1,-1,-1,-1
459,2,0,1,4,0,0,0,0,0,0,2011,1,114,1,0,0,0
459,3,0,1,4,0,0,0,0,0,0,2012,1,114,1,0,0.333333333333333,0
459,4,0,1,3.5,0,0,0,0,1,1,2013,1,114,1,0,0,0
460,1,0,1,4.5,0,0,0,0,0,1,2010,1,114,1,-1,-1,-1
460,2,0,1,4.5,0,0,0,0,0,1,2011,1,114,1,0,0,0
460,3,0,1,4.5,0,0,0,0,1,0,2012,1,114,1,0,0,0
460,4,0,1,4.5,0,0,0,0,0,0,2013,1,114,1,0,0.25,0
461,1,1,0,2.5,0,1,1,0,0,1,2010,1,114,1,-1,-1,-1
461,3,1,0,3.5,0,1,1,0,0,0,2012,1,114,1,0,0,0
461,4,1,0,3,0,1,1,0,0,0,2013,1,114,1,0,0,0
462,1,0,0,4.5,0,0,0,0,0,0,2010,1,114,0,-1,-1,-1
462,2,0,0,5,0,0,0,0,0,0,2011,1,114,0,0,0,0
462,3,0,0,5,0,0,0,0,0,0,2012,1,114,0,0,0,0
462,4,0,0,5,0,0,0,0,0,0,2013,1,114,0,0,0.285714285714286,0.142857142857143
463,1,1,0,1.5,0,1,0,0,0,0,2010,1,114,0,-1,-1,-1
463,2,1,0,1.5,0,1,0,0,0,0,2011,1,114,0,0.2,0.6,0.6
463,3,1,0,2.5,0,1,0,0,0,1,2012,1,114,1,0.333333333333333,0.666666666666667,0.666666666666667
464,3,0,1,4.5,0,0,0,0,0,1,2012,1,114,1,0,0,0
464,4,0,1,4.5,0,1,0,0,0,1,2013,1,114,0,0,0.2,0
465,1,1,0,4,0,0,0,0,0,1,2010,1,114,1,-1,-1,-1
465,2,1,0,4,0,0,0,0,0,1,2011,1,114,1,0,0,0
465,3,1,0,4.5,0,0,0,0,0,0,2012,1,114,1,0,0.5,0
465,4,1,0,4,0,0,0,0,1,0,2013,1,114,1,0,0.5,0
466,2,1,1,4.5,0,0,0,0,0,0,2011,1,114,1,0.3,0.5,0.3
466,3,1,1,3.5,0,0,0,0,0,0,2012,1,114,1,0.25,0.5,0.333333333333333
466,4,1,1,3.5,0,0,0,0,0,0,2013,1,114,1,0.333333333333333,0.833333333333333,0.166666666666667
467,1,1,0,3,0,0,0,0,0,0,2010,1,114,1,-1,-1,-1
467,2,1,0,3.5,0,0,0,0,0,1,2011,1,114,1,1,1,1
467,3,1,0,3.5,0,0,0,0,0,0,2012,1,114,1,1,1,1
467,4,1,0,3.5,0,0,0,0,0,0,2013,1,114,1,0.6,0.8,0.6
468,1,1,1,3.5,0,1,0,0,0,1,2010,1,114,1,-1,-1,-1
468,2,1,1,3.5,0,1,0,1,0,1,2011,1,114,1,0.166666666666667,0.25,0.0833333333333333
468,3,1,1,3.5,0,1,0,0,0,1,2012,1,114,1,0.272727272727273,0.454545454545455,0.272727272727273
469,1,0,0,4.5,0,0,0,0,0,1,2010,1,114,1,-1,-1,-1
469,3,0,0,4.5,0,0,0,1,0,0,2012,1,114,1,0,0,0
469,4,0,0,3.5,1,0,0,1,1,1,2013,1,114,1,0.2,0.4,0
470,1,0,1,4.5,0,1,0,0,0,1,2010,1,114,1,-1,-1,-1
470,2,0,1,4.5,0,1,0,0,0,1,2011,1,114,1,0,1,0
470,4,0,1,5,1,1,1,0,0,0,2013,1,114,1,0,1,0
471,1,0,0,5,0,0,0,0,0,1,2010,1,114,0,-1,-1,-1
471,2,0,0,4.5,0,0,0,0,0,1,2011,1,114,0,0,0,0
471,3,0,0,5,0,0,0,0,0,1,2012,1,114,0,0,0,0
471,4,0,0,4.5,0,0,0,0,0,1,2013,1,114,0,0.142857142857143,0.285714285714286,0.142857142857143
472,1,0,0,4.5,0,0,0,0,0,0,2010,1,114,1,-1,-1,-1
472,3,0,0,4.5,0,1,0,1,0,1,2012,1,114,1,0,0,0
473,1,1,1,4.5,0,0,0,0,0,0,2010,1,114,1,-1,-1,-1
473,2,1,1,4.5,0,0,0,0,0,0,2011,1,114,1,0,0,0
473,3,1,1,5,0,0,0,0,0,0,2012,1,114,1,0,0,0
473,4,1,1,5,0,0,0,0,0,0,2013,1,114,1,0,0,0
475,2,1,0,4.5,0,0,0,0,0,1,2011,1,114,1,0.333333333333333,0.555555555555556,0.222222222222222
475,3,1,0,4.5,0,0,0,0,0,1,2012,1,114,1,0.375,0.75,0.375
475,4,1,0,4.5,0,0,0,0,1,1,2013,1,114,1,0,1,0.5
476,3,0,1,5,0,0,0,0,0,0,2012,1,114,1,0,0,0
476,4,0,1,4.5,0,0,0,0,0,0,2013,1,114,1,0,0.1,0
477,1,0,0,2.5,0,0,0,1,0,0,2010,1,114,1,-1,-1,-1
477,3,0,0,2,0,0,0,0,0,1,2012,1,114,1,0,0,0
478,1,1,1,4,0,1,0,0,0,1,2010,1,114,1,-1,-1,-1
478,2,1,1,3.5,0,1,0,0,0,1,2011,1,114,1,0,0,0
478,3,1,1,3.5,0,1,0,0,0,1,2012,1,114,1,0.25,0.25,0
479,1,1,0,3.5,0,0,0,0,0,1,2010,1,114,1,-1,-1,-1
479,2,1,0,4.5,0,0,0,0,0,1,2011,1,114,1,0,0.333333333333333,0
479,3,1,0,4.5,0,0,0,0,0,1,2012,1,114,1,0.133333333333333,0.333333333333333,0.133333333333333
479,4,1,0,5,0,0,0,0,0,1,2013,1,114,1,0,0.5,0
480,1,0,1,4.5,0,0,0,0,0,0,2010,1,114,1,-1,-1,-1
480,2,0,1,4.5,0,0,0,0,0,0,2011,1,114,1,0,0,0
480,3,0,1,4.5,0,0,0,0,0,0,2012,1,114,1,0,0,0
480,4,0,1,4.5,0,0,0,0,0,0,2013,1,114,1,0,0,0
481,1,1,0,5,0,0,0,0,0,0,2010,1,114,1,-1,-1,-1
481,2,1,0,5,0,0,0,0,0,0,2011,1,114,1,0,0,0
481,3,1,0,5,0,0,0,0,0,0,2012,1,114,1,0.25,0.5,0.25
481,4,1,0,5,0,1,0,1,0,0,2013,1,114,1,0.333333333333333,0.333333333333333,0.333333333333333
482,1,1,1,4,0,0,0,0,0,0,2010,1,114,1,-1,-1,-1
482,2,1,1,4.5,0,0,0,0,0,0,2011,1,114,1,0.5,0.5,0.5
482,3,1,1,4,0,0,0,0,0,0,2012,1,114,1,0,0.25,0
482,4,1,1,4.5,0,0,0,0,0,0,2013,1,114,1,0,0.428571428571429,0
483,1,0,1,5,0,0,0,0,0,0,2010,1,114,1,-1,-1,-1
483,2,0,1,5,0,0,0,0,0,0,2011,1,114,1,0,0,0
483,3,0,1,4.5,0,0,0,0,0,0,2012,1,114,1,0,0,0
483,4,0,1,5,0,0,0,0,0,0,2013,1,114,1,0.0909090909090909,0,0
484,2,0,1,5,0,0,0,0,0,0,2011,1,114,1,0,0,0
484,3,0,1,4.5,0,0,0,0,0,1,2012,1,114,1,0,0,0
484,4,0,1,4.83333333333333,0,0,0,0,1,0,2013,1,114,1,0,0.5,0
485,3,0,0,3.5,0,0,0,0,0,0,2012,1,114,1,0,0,0
485,4,0,0,3.5,0,0,0,0,0,0,2013,1,114,1,0,0.25,0
486,3,0,0,4.5,0,1,0,0,0,1,2012,1,114,0,0,0,0
486,4,0,0,3.5,0,1,0,0,0,0,2013,1,114,0,0,0,0
488,1,0,1,4.5,0,0,0,0,0,0,2010,1,114,1,-1,-1,-1
488,2,0,1,4.5,0,0,0,0,0,0,2011,1,114,1,0,0,0
488,3,0,1,4.5,0,0,0,0,0,0,2012,1,114,1,0,0,0
489,1,0,1,5,0,0,0,0,0,0,2010,1,114,1,-1,-1,-1
489,2,0,1,5,0,0,0,0,0,0,2011,1,114,1,0.0714285714285714,0.214285714285714,0.0714285714285714
489,4,0,1,5,0,0,0,0,0,0,2013,1,114,1,0,0.363636363636364,0
490,1,0,1,5,0,0,0,0,0,0,2010,1,114,1,-1,-1,-1
490,2,0,1,5,0,0,0,0,0,0,2011,1,114,1,0,0.125,0
490,3,0,1,4.5,0,0,0,0,0,0,2012,1,114,1,0,0,0
491,2,1,1,4.5,0,1,0,1,0,0,2011,1,114,1,0.2,0.2,0
491,3,1,1,4.5,1,1,0,1,0,1,2012,1,114,1,0.166666666666667,0.333333333333333,0.166666666666667
491,4,1,1,3.5,1,1,1,1,1,0,2013,1,114,1,0.333333333333333,0.666666666666667,0.333333333333333
493,1,0,0,4.5,0,1,0,0,0,1,2010,1,114,1,-1,-1,-1
493,2,0,0,5,0,1,0,0,0,0,2011,1,114,1,0.142857142857143,0.285714285714286,0.142857142857143
493,4,0,0,5,0,1,0,0,1,0,2013,1,114,1,0,0.4,0
495,1,0,0,2.5,0,0,0,0,0,0,2010,1,114,1,-1,-1,-1
495,2,0,0,2.5,0,0,0,0,0,0,2011,1,114,1,0,0.5,0
495,3,0,0,2.5,0,0,0,0,0,0,2012,1,114,1,0.416666666666667,0.5,0.416666666666667
495,4,0,0,2.5,0,0,0,1,1,0,2013,1,114,1,0.4,0.6,0.6
496,1,1,1,2.5,0,0,0,0,0,0,2010,1,114,1,-1,-1,-1
496,2,1,1,2.5,0,0,0,0,0,0,2011,1,114,1,0,0,0
496,3,1,1,3.5,0,0,0,0,0,0,2012,1,114,1,0.25,0.25,0.25
496,4,1,1,3.5,0,1,0,0,0,0,2013,1,114,1,0,0,0
497,1,0,1,5,0,0,0,0,0,1,2010,1,114,1,-1,-1,-1
497,2,0,1,5,0,0,0,0,0,0,2011,1,114,1,0,0,0
497,3,0,1,5,0,0,0,0,0,0,2012,1,114,1,0,0,0
497,4,0,1,5,0,0,0,0,0,0,2013,1,114,1,0,0,0
499,1,0,1,5,0,0,0,0,0,0,2010,1,114,1,-1,-1,-1
499,2,0,1,5,0,0,0,0,0,0,2011,1,114,1,0,0,0
499,3,0,1,5,0,0,0,0,0,0,2012,1,114,1,0,0,0
499,4,0,1,4.5,0,0,0,0,0,0,2013,1,114,1,0,0.0833333333333333,0
501,1,1,1,3.5,0,0,0,0,0,0,2010,1,114,1,-1,-1,-1
501,2,1,1,3.5,0,0,0,0,0,0,2011,1,114,1,0,0.333333333333333,0
501,3,1,1,3.5,0,0,0,0,0,0,2012,1,114,1,0,0.2,0.1
502,1,1,1,4.5,0,0,0,0,0,0,2010,1,114,1,-1,-1,-1
502,2,1,1,4.5,0,0,0,0,0,0,2011,1,114,1,0,0,0
502,3,1,1,4.5,0,0,0,0,0,1,2012,1,114,1,0,0.0769230769230769,0.0769230769230769
502,4,1,1,4.5,0,0,0,0,0,0,2013,1,114,1,0.2,0.8,0
503,3,0,0,4,0,0,0,0,0,1,2012,1,114,1,0,0,0
503,4,0,0,3.5,0,0,0,0,1,0,2013,1,114,1,0,0.222222222222222,0
504,3,0,0,4,0,1,0,0,0,1,2012,1,114,1,0,0,0
504,4,0,0,4.5,0,1,0,0,0,1,2013,1,114,1,0,0.4,0
505,1,0,0,2.5,0,0,0,0,0,1,2010,1,114,1,-1,-1,-1
505,2,0,0,3.5,0,0,0,0,0,1,2011,1,114,1,0,0.142857142857143,0
505,3,0,0,3.5,0,0,0,0,0,0,2012,1,114,1,0,0.153846153846154,0
505,4,0,0,3.5,0,0,0,0,0,0,2013,1,114,1,0,0,0
506,3,0,0,5,0,0,0,0,0,0,2012,1,114,1,0,0,0
506,4,0,0,2.5,1,0,1,0,1,0,2013,1,114,1,1,1,0.5
507,2,1,0,2,1,1,0,1,0,1,2011,1,114,1,0.5,1,0
507,4,1,0,2.5,1,1,1,1,1,0,2013,1,114,1,0.333333333333333,0.666666666666667,0.333333333333333
508,2,1,1,3,0,0,0,0,0,1,2011,1,114,1,0,0.25,0
508,3,1,1,2.5,0,0,0,0,0,1,2012,1,114,1,0,0.5,0
508,4,1,1,3.5,0,1,0,0,1,1,2013,1,114,1,0.0909090909090909,0.454545454545455,0.0909090909090909
509,3,1,1,3.5,1,0,1,0,0,1,2012,1,114,1,0,0,0
509,4,1,1,4,1,1,1,0,0,1,2013,1,114,1,0.272727272727273,0.727272727272727,0.272727272727273
510,1,1,1,4.5,0,0,0,0,0,0,2010,1,114,1,-1,-1,-1
510,3,1,1,4,0,1,0,1,0,0,2012,1,114,1,0,0,0
511,1,1,0,2.5,0,0,0,0,0,0,2010,1,114,1,-1,-1,-1
511,2,1,0,3,0,0,0,0,0,1,2011,1,114,1,0,0,0
511,4,1,0,2.5,0,0,0,0,0,1,2013,1,114,1,0,0,0
513,1,0,1,4.5,0,0,0,0,0,0,2010,1,114,0,-1,-1,-1
513,2,0,1,4.5,0,0,0,0,0,0,2011,1,114,0,0,0,0
513,3,0,1,4,0,1,0,0,0,0,2012,1,114,0,0.0909090909090909,0.0909090909090909,0.0909090909090909
513,4,0,1,4.5,0,1,0,0,0,0,2013,1,114,0,0,0,0
514,2,1,0,3.5,0,0,0,0,0,0,2011,1,114,1,0,0,0
514,4,1,0,3.5,0,1,1,0,0,1,2013,1,114,1,0.444444444444444,0.555555555555556,0.333333333333333
515,1,0,0,4,0,0,0,0,0,1,2010,1,114,1,-1,-1,-1
515,2,0,0,4,0,0,0,0,0,1,2011,1,114,1,0.25,0.25,0.25
515,3,0,0,4,0,0,0,0,0,1,2012,1,114,1,0.666666666666667,0.333333333333333,0.333333333333333
515,4,0,0,4,0,0,0,0,0,0,2013,1,114,1,0.2,0.2,0
516,3,1,1,4.5,0,0,0,0,0,0,2012,1,114,1,0,0,0
516,4,1,1,4.5,0,0,0,1,1,1,2013,1,114,1,0.333333333333333,0.666666666666667,0.666666666666667
517,2,1,1,1,0,1,0,0,0,1,2011,1,114,1,0,0,0
517,4,1,1,2.5,1,1,0,0,1,1,2013,1,114,1,0,0,0
518,1,1,1,4,0,0,0,1,0,1,2010,1,114,1,-1,-1,-1
518,2,1,1,4.5,0,0,0,1,0,1,2011,1,114,1,0.166666666666667,0.166666666666667,0
518,3,1,1,4.5,0,1,0,1,0,1,2012,1,114,1,0,0.5,0
518,4,1,1,4,0,1,0,1,1,1,2013,1,114,1,0.333333333333333,0.333333333333333,0
519,3,0,0,3,0,0,0,0,0,0,2012,1,114,1,0,0,0
519,4,0,0,3.5,0,0,0,0,0,0,2013,1,114,1,0,0,0
520,1,0,0,4.5,0,0,0,0,0,0,2010,1,114,1,-1,-1,-1
520,2,0,0,4.5,0,0,0,0,0,1,2011,1,114,1,0,0,0
520,3,0,0,4.5,0,0,0,0,0,1,2012,1,114,1,0,0,0
521,1,0,0,4.5,0,0,0,0,0,0,2010,1,114,1,-1,-1,-1
521,2,0,0,4,0,0,0,0,0,0,2011,1,114,1,0,0,0
521,3,0,0,3.5,0,0,0,0,0,0,2012,1,114,1,0,0,0
521,4,0,0,4.5,0,0,0,0,0,0,2013,1,114,1,0,0,0
522,1,0,0,4.5,0,0,0,0,0,1,2010,1,114,1,-1,-1,-1
522,2,0,0,4.5,0,0,0,0,0,1,2011,1,114,1,0,0,0
522,3,0,0,4.5,0,0,0,0,0,1,2012,1,114,1,0.142857142857143,0.142857142857143,0.142857142857143
523,2,0,0,4.5,0,0,0,0,0,1,2011,1,114,1,0,0,0
523,3,0,0,4.5,0,0,0,0,0,1,2012,1,114,1,0,0,0
523,4,0,0,3.5,0,0,0,0,0,0,2013,1,114,1,0,0,0
524,1,1,1,4.5,0,0,0,0,0,0,2010,1,114,1,-1,-1,-1
524,2,1,1,3.5,0,0,0,0,0,0,2011,1,114,1,0,0.125,0
524,3,1,1,3.5,0,1,0,0,0,0,2012,1,114,1,0,0.333333333333333,0.333333333333333
526,1,0,0,5,0,0,0,0,0,0,2010,1,114,1,-1,-1,-1
526,2,0,0,5,0,0,0,0,0,0,2011,1,114,1,0.0666666666666667,0.2,0.0666666666666667
526,4,0,0,5,0,0,0,0,0,0,2013,1,114,1,0,0.0666666666666667,0
527,1,0,1,4.5,0,0,0,0,0,0,2010,1,114,1,-1,-1,-1
527,2,0,1,4.5,0,0,0,0,0,0,2011,1,114,1,0,0.142857142857143,0
527,3,0,1,4.5,0,0,0,0,0,0,2012,1,114,1,0,0.166666666666667,0
527,4,0,1,4.5,0,0,0,0,1,0,2013,1,114,1,0.0666666666666667,0.133333333333333,0
528,1,1,0,3,0,0,0,0,0,1,2010,1,114,1,-1,-1,-1
528,2,1,0,4.5,0,0,0,0,0,1,2011,1,114,1,0.1,0.1,0.1
528,3,1,0,3.5,0,0,0,0,0,1,2012,1,114,1,0.3,0.4,0.3
528,4,1,0,4.5,0,0,0,0,1,1,2013,1,114,1,0.111111111111111,0.222222222222222,0.111111111111111
529,1,0,1,4,0,0,0,0,0,0,2010,1,114,1,-1,-1,-1
529,2,0,1,4.5,0,0,0,0,0,0,2011,1,114,1,0,0,0
529,3,0,1,4.5,0,0,0,0,0,0,2012,1,114,1,0,0,0
530,1,1,1,5,0,0,0,0,0,1,2010,1,114,1,-1,-1,-1
530,2,1,1,5,0,0,0,0,0,0,2011,1,114,1,0.2,0.4,0.2
530,3,1,1,5,0,0,0,0,0,1,2012,1,114,1,0,0.666666666666667,0
530,4,1,1,5,0,0,0,0,0,0,2013,1,114,1,0,1,0
531,1,1,0,3.5,0,0,0,0,0,0,2010,1,114,1,-1,-1,-1
531,4,1,0,3.5,1,1,1,1,1,1,2013,1,114,1,0.571428571428571,0.857142857142857,0.571428571428571
532,1,1,1,3.5,0,0,0,0,0,0,2010,1,114,1,-1,-1,-1
532,2,1,1,3.5,0,0,0,0,0,0,2011,1,114,1,0.333333333333333,0.666666666666667,0.333333333333333
532,3,1,1,2.5,0,0,0,0,0,0,2012,1,114,1,1,1,1
532,4,1,1,3.5,0,0,0,0,0,0,2013,1,114,1,0,1,1
533,1,0,0,5,0,0,0,0,0,0,2010,1,114,1,-1,-1,-1
533,2,0,1,5,0,0,0,0,0,0,2011,1,114,1,0,0,0
533,3,0,1,5,0,0,0,0,0,0,2012,1,114,1,0,0,0
533,4,0,1,5,0,0,0,0,0,0,2013,1,114,1,0,0,0
534,1,0,0,4.5,0,0,0,0,0,0,2010,1,114,1,-1,-1,-1
534,2,0,0,4.5,0,0,0,0,0,1,2011,1,114,1,0,0.125,0
534,3,0,1,4.5,0,0,0,0,0,0,2012,1,114,1,0,0,0
535,1,0,1,5,0,0,0,0,0,0,2010,1,114,1,-1,-1,-1
535,2,0,1,5,0,0,0,0,0,0,2011,1,114,1,0.5,0.5,0.5
535,3,0,1,5,0,0,0,0,0,0,2012,1,114,1,1,1,1
535,4,0,1,5,0,0,0,1,1,1,2013,1,114,1,0,1,0
536,1,0,1,3.5,0,0,0,0,0,1,2010,1,114,1,-1,-1,-1
536,2,0,1,4.5,0,0,0,0,0,1,2011,1,114,1,0,0.1,0
536,3,0,1,4,0,0,0,0,0,1,2012,1,114,1,0,0.111111111111111,0
536,4,0,1,3.5,0,0,0,0,0,1,2013,1,114,1,0,0.428571428571429,0.142857142857143
537,1,0,1,5,0,0,0,0,0,1,2010,1,114,1,-1,-1,-1
537,2,0,1,4.5,0,0,0,0,0,0,2011,1,114,1,0,0,0
537,3,0,1,4.5,0,0,0,0,0,0,2012,1,114,1,0,0.166666666666667,0
537,4,0,1,4.5,0,0,0,0,0,0,2013,1,114,1,0,0,0
538,1,0,0,2.5,0,0,0,0,0,0,2010,1,114,1,-1,-1,-1
538,2,0,0,2.5,0,0,0,0,0,0,2011,1,114,1,0,0.0833333333333333,0
538,3,0,0,3,0,0,0,0,0,1,2012,1,114,1,0.142857142857143,0.428571428571429,0
538,4,0,0,3.5,0,0,0,0,0,1,2013,1,114,1,0.333333333333333,0.666666666666667,0.333333333333333
539,1,0,0,4.5,0,0,0,0,0,0,2010,1,114,1,-1,-1,-1
539,2,0,0,4.5,0,0,0,0,0,0,2011,1,114,1,0,0,0
539,3,0,0,4.5,0,0,0,0,0,0,2012,1,114,1,0,0,0
539,4,0,0,5,0,0,0,0,0,0,2013,1,114,1,0,1,0
540,1,0,0,4.5,0,0,0,0,0,0,2010,1,114,0,-1,-1,-1
540,2,0,0,4.5,0,0,0,0,0,1,2011,1,114,0,0,0.25,0
540,4,0,0,4.5,0,0,0,0,0,0,2013,1,114,0,0,0,0
541,1,0,1,4.5,0,0,0,0,0,1,2010,1,114,0,-1,-1,-1
541,2,0,1,4.5,0,0,0,0,0,1,2011,1,114,0,0.111111111111111,0.111111111111111,0.111111111111111
541,3,0,1,4.5,0,0,0,0,0,1,2012,1,114,0,0,0.0909090909090909,0
541,4,0,1,3.5,0,0,0,0,0,1,2013,1,114,0,0.230769230769231,0.384615384615385,0.0769230769230769
542,1,0,1,4.5,0,0,0,0,0,0,2010,1,114,1,-1,-1,-1
542,2,0,1,4.5,0,0,0,0,0,0,2011,1,114,1,0,0,0
542,3,0,1,4.5,0,1,0,0,0,1,2012,1,114,1,0,0.5,0
542,4,0,1,4.5,0,1,0,0,0,0,2013,1,114,1,0,0.333333333333333,0
543,1,0,1,4,0,1,0,0,0,1,2010,1,114,1,-1,-1,-1
543,2,0,1,4,0,1,0,0,0,1,2011,1,114,1,0,0.5,0
543,3,0,1,4,0,1,0,0,0,1,2012,1,114,1,0,0.75,0
543,4,0,1,4.5,0,1,0,1,1,1,2013,1,114,1,0,0,0
544,1,0,0,3.5,0,0,0,0,0,0,2010,1,114,1,-1,-1,-1
544,2,0,0,3.5,0,0,0,0,0,1,2011,1,114,1,0,0,0
544,3,0,0,3.5,0,0,0,0,0,0,2012,1,114,1,0,0.333333333333333,0
544,4,0,0,3.5,0,0,0,1,1,0,2013,1,114,1,0,1,0
545,1,0,0,4.5,0,0,0,0,0,0,2010,1,114,1,-1,-1,-1
545,2,0,0,3.5,0,0,0,0,0,0,2011,1,114,1,0,0,0
545,3,0,0,4,0,0,0,0,0,0,2012,1,114,1,0.142857142857143,0.142857142857143,0.142857142857143
545,4,0,0,4,0,0,0,0,0,0,2013,1,114,0,0.166666666666667,0.333333333333333,0.166666666666667
546,1,0,1,3.5,0,0,0,0,0,0,2010,1,114,1,-1,-1,-1
546,2,0,1,3.5,0,0,0,0,0,0,2011,1,114,1,0,0.333333333333333,0
546,4,0,0,4.5,0,0,0,0,0,0,2013,1,114,1,0,0,0
547,1,1,1,3.5,0,0,0,0,0,1,2010,1,114,1,-1,-1,-1
547,2,1,1,4.5,0,0,0,0,0,1,2011,1,114,1,0,0.5,0
547,3,1,1,3.5,0,0,0,0,0,1,2012,1,114,1,0,0.75,0
547,4,1,1,3,0,1,0,0,1,1,2013,1,114,1,0.25,1,0.25
548,1,1,1,4.5,0,0,0,1,0,1,2010,1,114,1,-1,-1,-1
548,2,1,1,4.5,0,0,0,0,0,1,2011,1,114,1,0.285714285714286,0.285714285714286,0.285714285714286
548,3,1,1,4,0,1,0,1,0,1,2012,1,114,1,0,0.1,0.1
548,4,1,1,4.5,0,1,0,1,1,1,2013,1,114,1,0.2,0.6,0.4
549,1,0,0,4.5,0,1,0,0,0,1,2010,1,114,1,-1,-1,-1
549,2,0,0,4.5,0,1,0,1,0,1,2011,1,114,1,0.0909090909090909,0.181818181818182,0.0909090909090909
549,3,0,0,4,0,1,0,1,0,1,2012,1,114,1,0,0.111111111111111,0
549,4,0,0,4,0,1,0,0,1,1,2013,1,114,1,0,0,0
550,1,1,1,3.5,0,0,0,0,0,0,2010,1,114,1,-1,-1,-1
550,2,1,1,3.5,0,0,0,0,0,0,2011,1,114,1,0,0,0
550,3,1,1,3.5,0,0,0,0,0,1,2012,1,114,1,0,0,0
550,4,1,1,3.5,0,1,0,0,0,1,2013,1,114,1,0,0.333333333333333,0
551,1,0,0,4.5,0,0,0,0,0,0,2010,1,114,1,-1,-1,-1
551,2,0,0,4.5,0,0,0,0,0,0,2011,1,114,1,0.125,0,0
551,3,0,0,5,0,0,0,0,0,0,2012,1,114,1,0.333333333333333,0.333333333333333,0.166666666666667
551,4,0,0,5,0,1,0,0,0,0,2013,1,114,1,0.0833333333333333,0.416666666666667,0.166666666666667
552,1,0,1,4.5,0,0,0,0,0,0,2010,1,114,1,-1,-1,-1
552,3,0,1,5,0,1,0,1,0,0,2012,1,114,1,0,0.666666666666667,0
553,1,0,1,5,0,0,0,0,0,0,2010,1,114,1,-1,-1,-1
553,2,0,1,5,0,0,0,0,0,1,2011,1,114,1,0,0,0
553,3,0,1,5,0,0,0,0,0,0,2012,1,114,1,0.181818181818182,0.0909090909090909,0.0909090909090909
553,4,0,1,5,0,0,0,0,1,0,2013,1,114,1,0.166666666666667,0,0
554,1,0,1,5,0,0,0,0,0,1,2010,1,114,1,-1,-1,-1
554,2,0,1,5,0,0,0,0,0,0,2011,1,114,1,0,0,0
554,3,0,1,5,0,0,0,0,0,1,2012,1,114,1,0,0,0
555,1,0,1,4.5,0,0,0,0,0,1,2010,1,114,1,-1,-1,-1
555,2,0,1,5,0,0,0,0,0,1,2011,1,114,0,0,0,0
555,3,0,1,4.5,0,0,0,0,0,1,2012,1,114,1,0,0,0
555,4,0,1,4.5,0,0,0,0,0,0,2013,1,114,0,0,0,0
556,1,0,0,5,0,0,0,0,1,1,2010,1,114,0,-1,-1,-1
556,2,0,0,5,0,0,0,0,0,1,2011,1,114,1,0,0,0
556,4,0,0,5,1,0,1,1,1,0,2013,1,114,1,0,0,0
557,1,0,0,3.5,0,0,0,0,0,0,2010,1,114,1,-1,-1,-1
557,2,0,0,3.5,0,0,0,0,0,0,2011,1,114,1,0,0,0
557,3,0,0,3.5,0,0,0,0,0,0,2012,1,114,1,0,0,0
557,4,0,0,3.5,0,0,0,0,0,0,2013,1,114,1,0,1,0
558,1,0,0,3.5,0,0,0,0,0,0,2010,1,114,1,-1,-1,-1
558,3,0,0,4.5,0,0,0,0,0,0,2012,1,114,1,0,0,0
558,4,0,0,4.5,0,0,0,0,0,0,2013,1,114,1,0.25,0.5,0.25
559,1,0,1,3.5,1,1,0,0,0,1,2010,1,114,1,-1,-1,-1
559,2,0,1,3.5,1,1,0,0,0,1,2011,1,114,1,0,0,0
559,4,0,1,4.5,1,1,1,0,0,0,2013,1,114,1,0,0,0
560,1,0,1,3.5,0,0,0,0,0,0,2010,1,114,0,-1,-1,-1
560,2,0,1,4.5,0,0,0,0,0,0,2011,1,114,0,0,0,0
560,3,0,1,3.5,0,0,0,0,0,0,2012,1,114,0,0,0,0
560,4,0,1,3.5,0,0,0,0,0,0,2013,1,114,0,0,0,0
561,1,1,0,4.5,0,1,0,0,0,1,2010,1,115,1,-1,-1,-1
561,2,1,0,4.5,0,1,0,0,0,0,2011,1,115,1,0.25,0.25,0.25
561,4,1,0,4.5,0,1,0,0,1,1,2013,1,115,1,0,0,0
562,1,1,1,4.5,0,0,0,0,0,0,2010,1,115,1,-1,-1,-1
562,3,1,1,4.5,0,1,0,0,0,1,2012,1,115,1,0,0,0
562,4,1,1,4.5,0,1,0,0,1,1,2013,1,115,1,0.25,0.5,0
563,1,1,0,4.5,0,0,0,0,0,0,2010,1,115,0,-1,-1,-1
563,2,1,0,4.5,0,0,0,0,0,0,2011,1,115,0,0,0,0
563,3,1,0,3.5,0,0,0,0,0,0,2012,1,115,0,0.285714285714286,0.642857142857143,0.285714285714286
563,4,1,0,3.5,0,0,0,0,0,0,2013,1,115,0,0,0.333333333333333,0.166666666666667
564,1,1,0,3.5,0,1,0,0,0,0,2010,1,115,1,-1,-1,-1
564,2,1,0,4.5,0,1,0,0,0,0,2011,1,115,1,0.25,0.5,0.25
564,3,1,0,4,0,1,0,0,0,1,2012,1,115,1,0,0,0
564,4,1,0,4,1,1,0,0,0,0,2013,1,115,1,0.857142857142857,0.714285714285714,0.714285714285714
566,3,1,0,5,1,1,0,0,0,1,2012,1,115,0,0,0,0
566,4,1,0,4,1,1,0,0,1,0,2013,1,115,1,0.375,0.5,0.25
568,3,1,1,3,0,1,1,0,0,0,2012,1,115,1,0,0,0
568,4,1,1,3,0,1,1,0,0,0,2013,1,115,1,0.333333333333333,0.777777777777778,0.444444444444444
570,1,0,1,5,0,0,0,0,0,1,2010,1,115,1,-1,-1,-1
570,2,0,1,5,0,0,0,0,0,1,2011,1,115,1,0,0.166666666666667,0
570,3,0,1,5,0,0,0,0,0,1,2012,1,115,1,0,0.2,0
570,4,0,1,4.5,0,0,0,0,0,1,2013,1,115,1,0,0.222222222222222,0
571,3,1,0,2.5,0,1,1,0,0,0,2012,1,115,1,0,0,0
571,4,1,0,3,1,1,1,0,0,0,2013,1,115,1,0.75,0.5,0.5
572,3,1,0,3.5,0,1,0,0,0,1,2012,1,115,1,0,0,0
572,4,1,0,3.5,0,1,0,0,1,1,2013,1,115,1,0,1,1
573,1,1,0,3.5,0,0,0,0,0,0,2010,1,115,1,-1,-1,-1
573,3,1,0,4.5,0,0,0,0,0,0,2012,1,115,1,0,0,0
573,4,1,0,4.5,0,0,0,0,0,0,2013,1,115,1,0.25,0.625,0.5
574,1,1,0,4.5,0,1,0,0,0,1,2010,1,115,1,-1,-1,-1
574,4,1,0,3.5,1,1,1,0,0,1,2013,1,115,1,0.285714285714286,0.714285714285714,0.285714285714286
576,3,1,1,4.5,0,0,0,0,0,0,2012,1,115,1,0,0,0
576,4,1,1,4.5,0,0,0,0,0,1,2013,1,115,1,0.0909090909090909,0.363636363636364,0.0909090909090909
577,2,1,1,4.5,0,1,0,0,0,1,2011,1,115,1,0.166666666666667,0.666666666666667,0.333333333333333
577,3,1,1,4.5,0,1,0,0,0,1,2012,1,115,1,1,1,0.666666666666667
577,4,1,1,4.5,0,1,0,0,0,1,2013,1,115,1,0.5,0.75,0.75
578,1,1,1,4.5,0,0,0,0,0,0,2010,1,115,1,-1,-1,-1
578,2,1,1,3.5,0,1,0,0,0,0,2011,1,115,1,0,1,0
578,3,1,1,4.5,0,1,0,0,0,0,2012,1,115,1,0,0.5,0
578,4,1,1,4.5,0,1,0,0,0,0,2013,1,115,1,0,0,0
579,1,1,1,3.5,1,0,0,0,0,0,2010,1,115,1,-1,-1,-1
579,2,1,1,3.5,1,1,0,0,0,0,2011,1,115,1,0.5,0.5,0.5
579,4,1,1,4,1,1,1,0,0,0,2013,1,115,1,0.5,0.5,0.5
581,1,1,0,3.5,0,0,0,0,0,1,2010,1,115,0,-1,-1,-1
581,2,1,0,4.5,0,0,0,0,0,1,2011,1,115,1,0,0.1,0
581,3,1,0,4.5,0,1,0,0,0,1,2012,1,115,1,0.222222222222222,0.444444444444444,0.333333333333333
581,4,1,0,3.5,0,1,0,0,1,1,2013,1,115,1,0.333333333333333,0.333333333333333,0.333333333333333
582,2,1,0,2.5,0,0,0,0,0,1,2011,1,115,1,0,0,0
582,3,1,0,2.5,0,0,0,0,0,1,2012,1,115,1,0.333333333333333,0.333333333333333,0.333333333333333
582,4,1,0,2.5,0,0,0,0,1,1,2013,1,115,1,0.333333333333333,0.333333333333333,0.333333333333333
583,1,1,1,3.5,0,0,0,0,0,1,2010,1,115,1,-1,-1,-1
583,2,1,1,4.5,0,1,0,0,0,0,2011,1,115,1,0.5,0.5,0.5
583,3,1,1,3.5,0,1,0,0,0,0,2012,1,115,1,0.25,0.25,0.25
583,4,1,1,2.5,0,1,0,0,1,0,2013,1,115,1,0.25,1,0.25
585,1,1,1,3.16666666666667,0,1,0,0,0,1,2010,1,115,1,-1,-1,-1
585,2,1,1,3.5,0,1,0,0,0,0,2011,1,115,1,0,0.4,0
585,3,1,1,3.5,0,1,0,0,0,0,2012,1,115,1,0,0.5,0
585,4,1,1,2.5,0,1,0,0,0,0,2013,1,115,1,0,0.5,0
586,1,1,0,4.5,0,1,0,0,0,0,2010,1,115,1,-1,-1,-1
586,2,1,0,4.5,0,1,0,0,0,1,2011,1,115,1,0.111111111111111,0.333333333333333,0.222222222222222
586,3,1,0,4.5,0,1,0,0,0,0,2012,1,115,1,0.142857142857143,0.571428571428571,0.285714285714286
586,4,1,0,5,1,1,1,0,0,1,2013,1,115,1,0.285714285714286,0.285714285714286,0.285714285714286
587,1,1,1,3.5,0,0,0,0,0,0,2010,1,115,1,-1,-1,-1
587,2,1,1,4.5,0,0,0,0,0,0,2011,1,115,1,0.4,0.7,0.5
587,3,1,1,4.5,0,0,0,0,0,0,2012,1,115,1,0.2,0.6,0.4
587,4,1,1,4,0,0,0,0,0,0,2013,1,115,1,0.25,0.75,0.625
588,3,1,1,3.5,0,0,0,0,0,0,2012,1,115,1,0,0,0
588,4,1,1,3.5,0,0,0,0,0,1,2013,1,115,1,0,1,0
590,2,1,1,3.5,0,0,0,1,0,0,2011,1,115,1,0.333333333333333,0.333333333333333,0
590,3,1,1,4,1,0,0,0,0,0,2012,1,115,0,0,0,0
590,4,1,1,4.5,1,0,0,1,1,1,2013,1,115,1,0,0.25,0
591,1,1,0,4.5,0,0,0,0,0,1,2010,1,115,1,-1,-1,-1
591,2,1,0,4.5,1,0,0,0,0,0,2011,1,115,1,0.363636363636364,0.363636363636364,0.363636363636364
591,4,1,0,3.5,1,0,0,0,1,0,2013,1,115,1,0,0,0
592,2,1,1,3.5,0,0,0,0,0,0,2011,1,115,1,0.25,0.375,0.25
592,3,1,1,3.5,0,1,0,0,0,1,2012,1,115,1,0.375,0.75,0.375
592,4,1,1,3.5,0,1,0,0,0,1,2013,1,115,1,0.375,0.75,0.375
593,1,0,1,4.5,0,1,0,0,0,0,2010,1,115,1,-1,-1,-1
593,2,0,1,4.5,0,1,0,0,0,0,2011,1,115,1,0,0,0
593,3,0,1,4.5,0,1,0,0,0,0,2012,1,115,1,0,0.25,0
593,4,0,1,4.5,0,1,0,0,1,0,2013,1,115,1,0,0.142857142857143,0
594,2,1,0,4.5,1,1,0,1,0,1,2011,1,115,1,0.166666666666667,0.333333333333333,0.166666666666667
594,3,1,0,4.5,1,1,0,1,0,1,2012,1,115,1,0.2,0.6,0.4
594,4,1,0,4.5,1,1,0,1,1,1,2013,1,115,1,1,1,0.666666666666667
596,1,1,1,3.5,0,0,0,0,0,1,2010,1,115,1,-1,-1,-1
596,2,1,1,3.5,0,0,0,0,0,1,2011,1,115,1,0.666666666666667,0.666666666666667,0.666666666666667
596,3,1,1,2.5,0,0,0,0,0,0,2012,1,115,1,1,1,1
596,4,1,1,4,0,0,0,0,0,0,2013,1,115,1,0,1,0
597,1,1,1,3.5,0,0,0,0,0,1,2010,1,115,1,-1,-1,-1
597,2,1,1,3.5,0,1,1,1,0,0,2011,1,115,1,0.5,0.5,0.5
597,4,1,1,3.5,1,1,1,0,1,1,2013,1,115,1,0,0,0
598,2,1,0,1.5,0,1,1,0,0,0,2011,1,115,1,0.25,0.25,0.5
598,4,1,0,4.5,1,1,1,0,1,0,2013,1,115,1,0.555555555555556,0.888888888888889,0.666666666666667
599,1,1,0,3,0,0,0,0,0,1,2010,1,115,1,-1,-1,-1
599,2,1,0,4.5,0,0,0,0,0,1,2011,1,115,1,0.2,0.4,0
599,3,1,0,3.5,0,0,0,0,0,1,2012,1,115,1,0.5,0.5,0.5
599,4,1,0,3,0,0,0,0,0,0,2013,1,115,1,0,0,0
600,1,1,0,4.5,0,0,0,0,0,1,2010,1,115,1,-1,-1,-1
600,2,1,0,4.5,0,1,0,0,0,0,2011,1,115,1,0.333333333333333,0,0.333333333333333
600,3,1,0,5,0,1,0,1,0,1,2012,1,115,1,0,0,0
600,4,1,0,4.5,0,1,0,1,1,0,2013,1,115,1,0.333333333333333,0.333333333333333,0.333333333333333
601,1,1,0,2.5,0,0,0,0,0,0,2010,1,115,1,-1,-1,-1
601,2,1,1,2.5,0,0,0,0,0,0,2011,1,115,1,0.222222222222222,0.222222222222222,0.222222222222222
601,3,1,0,3,0,0,0,0,0,0,2012,1,115,1,0.375,0.625,0.5
601,4,1,0,2.5,0,1,1,0,0,0,2013,1,115,1,0,0.428571428571429,0.142857142857143
602,3,1,1,3.5,0,1,0,0,0,1,2012,1,115,1,0,0,0
602,4,1,1,3.5,0,1,0,0,1,1,2013,1,115,1,0.5,1,0.5
603,1,1,0,3.5,0,0,0,0,0,1,2010,1,115,1,-1,-1,-1
603,2,1,0,3,0,0,0,0,0,0,2011,1,115,1,0,0,0
603,3,1,0,3.5,0,0,0,0,0,0,2012,1,115,1,0.5,0.5,0.5
603,4,1,0,3.5,0,0,0,0,0,0,2013,1,115,1,0,0.571428571428571,0
604,3,1,0,4.5,0,0,0,0,0,0,2012,1,115,1,0,0,0
604,4,1,0,4.5,1,1,0,0,0,0,2013,1,115,1,0.6,1,0.6
605,1,1,1,3.5,0,0,0,0,0,0,2010,1,115,1,-1,-1,-1
605,4,1,1,3.5,0,0,1,0,1,0,2013,1,115,1,0,0,0
606,1,1,0,5,0,0,0,0,0,0,2010,1,115,1,-1,-1,-1
606,3,1,0,4.5,0,1,0,0,0,0,2012,1,115,1,0.1875,0.4375,0.1875
606,4,1,0,4.5,0,1,0,0,0,1,2013,1,115,1,0.0714285714285714,0.5,0.0714285714285714
607,1,1,0,4.5,0,0,0,0,0,1,2010,1,115,1,-1,-1,-1
607,2,1,0,5,0,0,0,0,0,1,2011,1,115,1,0,0,0
607,3,1,0,4,0,0,0,0,0,1,2012,1,115,1,0.111111111111111,0.333333333333333,0.111111111111111
607,4,1,0,4.5,0,1,0,0,1,1,2013,1,115,1,0,0.375,0
608,1,1,1,4.5,0,0,0,0,0,1,2010,1,115,1,-1,-1,-1
608,2,1,1,4.5,0,0,0,0,0,1,2011,1,115,1,0,0.5,0
608,3,1,1,4.5,0,1,0,0,0,0,2012,1,115,1,0,0.6,0.2
608,4,1,1,4.5,0,1,0,0,0,0,2013,1,115,1,0,0.666666666666667,0
609,3,1,0,5,1,1,0,0,0,0,2012,1,115,1,0,0,0
609,4,1,0,5,1,1,0,1,1,0,2013,1,115,1,0,0,0
611,1,1,0,3.5,0,0,0,1,0,0,2010,1,115,1,-1,-1,-1
611,2,1,0,3.5,0,0,0,0,0,0,2011,1,115,1,0.2,0.2,0.2
611,3,1,0,4,0,0,0,0,0,0,2012,1,115,1,0.333333333333333,0.333333333333333,0.333333333333333
611,4,1,0,3.5,0,0,0,0,1,0,2013,1,115,1,0.5,0.625,0.625
612,1,1,1,4.5,0,1,0,0,0,0,2010,1,115,1,-1,-1,-1
612,2,1,1,4,0,1,0,0,0,0,2011,1,115,1,0.142857142857143,0.571428571428571,0.142857142857143
612,3,1,1,4,0,1,0,0,0,0,2012,1,115,1,0.125,0.75,0.375
612,4,1,1,3.5,1,1,1,0,0,0,2013,1,115,1,0.625,0.875,0.625
613,1,1,1,2.5,0,1,0,0,0,1,2010,1,115,1,-1,-1,-1
613,2,1,1,2.5,0,1,0,0,0,1,2011,1,115,1,0,0,0
613,3,1,1,3.5,0,1,0,1,0,0,2012,1,115,1,0,0,0
613,4,1,1,4.5,0,1,0,0,0,1,2013,1,115,1,0,0.5,0
614,1,1,0,2.5,0,0,0,0,0,0,2010,1,115,1,-1,-1,-1
614,2,1,0,4.5,0,0,0,0,0,1,2011,1,115,1,0,0,0
614,3,1,0,4,0,0,0,0,0,1,2012,1,115,1,0,0,0
614,4,1,0,3.5,0,0,0,0,1,1,2013,1,115,1,0,0,0
615,1,1,1,4.5,0,0,0,1,0,1,2010,1,115,1,-1,-1,-1
615,2,1,1,3.5,0,0,0,0,0,0,2011,1,115,1,0.5,0.333333333333333,0.333333333333333
615,3,1,1,1.5,0,0,0,1,0,0,2012,1,115,1,0.4,0.6,0.4
615,4,1,0,4.5,0,1,0,1,1,0,2013,1,115,1,0,0.25,0
616,1,1,1,3.5,0,0,0,0,0,1,2010,1,115,1,-1,-1,-1
616,2,1,1,3.5,0,0,0,0,0,0,2011,1,115,1,0,0.75,0.25
616,4,1,1,3.5,0,0,0,1,1,1,2013,1,115,1,0,0,0
617,2,1,1,4.5,0,0,0,0,0,1,2011,1,115,1,0,0.333333333333333,0
617,3,1,1,5,0,1,0,0,0,1,2012,1,115,1,0,0,0
617,4,1,1,4.5,0,1,1,0,0,1,2013,1,115,1,0,1,0
618,2,1,1,2.5,0,1,0,1,0,1,2011,1,115,1,0.166666666666667,0.333333333333333,0.333333333333333
618,3,1,1,2.5,0,1,1,1,0,1,2012,1,115,1,0,1,0.5
618,4,1,1,3,0,1,1,1,1,1,2013,1,115,1,0,1,0
619,3,1,1,3.5,0,1,0,0,0,1,2012,1,115,1,0,0,0
619,4,1,1,3.5,0,1,0,0,0,1,2013,1,115,1,0,0.5,0
620,1,1,1,3.5,0,1,1,0,0,0,2010,1,115,1,-1,-1,-1
620,2,1,1,3.5,0,1,1,0,0,1,2011,1,115,1,0,0.5,0.5
620,3,1,1,3.5,0,1,1,0,0,0,2012,1,115,1,0,0,0
620,4,1,1,4,0,1,1,0,0,0,2013,1,115,1,0,0,0
624,1,1,0,2.5,0,0,0,0,0,1,2010,1,115,1,-1,-1,-1
624,3,1,0,1.5,0,0,0,0,0,1,2012,1,115,1,0.272727272727273,0.181818181818182,0.181818181818182
624,4,1,0,1.5,0,0,0,0,0,1,2013,1,115,1,0.666666666666667,0.666666666666667,0.666666666666667
625,3,1,0,3.5,0,1,0,0,0,0,2012,1,115,1,0,0,0
625,4,1,0,3.5,0,1,0,0,0,0,2013,1,115,1,0.5,0.333333333333333,0.333333333333333
626,1,1,0,5,0,0,0,0,0,0,2010,1,115,0,-1,-1,-1
626,2,1,0,4.83333333333333,0,0,0,0,0,1,2011,1,115,0,0,0,0
626,3,1,0,4.5,0,0,0,0,0,0,2012,1,115,0,0,0,0
626,4,1,0,5,0,0,0,0,0,0,2013,1,115,0,0.333333333333333,0.333333333333333,0.333333333333333
627,1,1,0,2.5,0,0,0,1,0,1,2010,1,115,1,-1,-1,-1
627,2,1,0,3,0,0,0,1,0,1,2011,1,115,1,0,0,0
627,3,1,0,3.5,0,1,0,1,0,0,2012,1,115,1,0,0,0
627,4,1,0,3.5,0,1,0,1,1,1,2013,1,115,1,0,0,0
629,1,1,1,4.5,0,0,0,0,0,0,2010,1,115,1,-1,-1,-1
629,3,1,1,3.5,0,1,0,0,1,0,2012,1,115,1,0,0,0
629,4,1,1,4.5,0,1,1,0,1,0,2013,1,115,1,0,0.5,0
630,1,1,1,3.25,0,0,0,0,0,0,2010,1,115,1,-1,-1,-1
630,2,1,1,3,0,0,0,0,0,0,2011,1,115,1,0.333333333333333,0.5,0.166666666666667
630,4,1,1,3.5,0,0,0,0,0,0,2013,1,115,1,0,0,0
631,2,1,1,4.5,0,1,1,0,0,1,2011,1,115,1,0,0,0
631,4,1,1,4.5,0,1,1,0,0,1,2013,1,115,1,0,0,0
632,1,1,1,5,0,0,0,0,0,0,2010,1,115,1,-1,-1,-1
632,2,1,1,5,0,0,0,0,0,0,2011,1,115,1,0,0.25,0
632,4,1,1,4.5,0,0,0,0,0,0,2013,1,115,0,0,0,0
634,1,1,1,3.5,0,1,1,0,0,1,2010,1,115,1,-1,-1,-1
634,3,1,1,4.5,0,1,1,0,0,1,2012,1,115,1,0,0,0
634,4,1,1,5,0,1,1,0,0,1,2013,1,115,1,0.333333333333333,0.666666666666667,0.333333333333333
635,1,0,1,5,0,0,0,0,0,1,2010,1,115,1,-1,-1,-1
635,2,0,1,5,0,0,0,0,0,1,2011,1,115,1,0,0.166666666666667,0
635,3,0,1,5,0,0,0,0,0,1,2012,1,115,1,0,0,0
635,4,0,1,5,0,0,0,0,0,1,2013,1,115,1,0,0.428571428571429,0
637,1,1,0,2.5,0,0,0,1,0,0,2010,1,115,1,-1,-1,-1
637,4,1,0,4,1,1,1,1,0,0,2013,1,115,1,0.666666666666667,0.666666666666667,0.666666666666667
638,1,1,1,5,0,1,0,0,0,0,2010,1,115,1,-1,-1,-1
638,2,1,1,5,0,1,0,0,0,0,2011,1,115,1,0.222222222222222,0.333333333333333,0.222222222222222
638,3,1,1,5,0,1,0,0,0,0,2012,1,115,1,0.0833333333333333,0.25,0.0833333333333333
638,4,1,1,5,0,1,0,0,0,1,2013,1,115,1,0,0.428571428571429,0
639,1,1,1,4.5,0,0,0,0,0,1,2010,1,115,1,-1,-1,-1
639,2,1,1,4.5,0,0,0,0,0,0,2011,1,115,1,0,0.5,0.25
639,3,1,1,4.5,0,0,0,0,0,0,2012,1,115,1,0,0.333333333333333,0.111111111111111
642,1,0,1,5,0,0,0,0,0,0,2010,1,115,1,-1,-1,-1
642,2,0,1,5,0,0,0,0,0,0,2011,1,115,1,0.0769230769230769,0.307692307692308,0.153846153846154
642,3,0,1,5,0,0,0,0,0,0,2012,1,115,1,0,0.142857142857143,0
643,1,1,0,3.5,1,0,1,0,0,1,2010,1,115,1,-1,-1,-1
643,2,1,0,3.5,1,0,1,0,0,1,2011,1,115,1,0.25,0.5,0.25
643,4,1,0,3.5,1,1,1,0,1,0,2013,1,115,1,0,0.5,0.5
644,1,1,0,2.5,0,0,0,1,0,1,2010,1,115,1,-1,-1,-1
644,2,1,0,2.5,0,0,0,0,0,1,2011,1,115,1,0.444444444444444,0.444444444444444,0.333333333333333
646,3,1,1,4,0,0,0,0,0,0,2012,1,115,1,0,0,0
646,4,1,1,4.5,0,1,0,0,1,1,2013,1,115,1,0.25,0.75,0
647,3,1,1,4.5,0,0,0,0,0,1,2012,1,115,1,0,0,0
647,4,1,1,5,0,0,0,0,0,0,2013,1,115,1,0,0.714285714285714,0.142857142857143
648,1,1,1,2.5,0,0,0,0,0,1,2010,1,115,1,-1,-1,-1
648,2,1,1,3.5,0,1,0,0,0,1,2011,1,115,1,1,1,1
648,4,1,1,4.5,1,1,1,0,0,0,2013,1,115,1,0,0,0
650,2,1,1,3.5,0,0,1,0,0,0,2011,1,115,1,0.666666666666667,0.333333333333333,0.666666666666667
650,3,1,1,3.5,0,0,1,0,0,0,2012,1,115,1,0.333333333333333,0.666666666666667,0.333333333333333
650,4,1,1,4.5,0,1,1,0,0,0,2013,1,115,1,0.75,0.75,0.75
652,1,1,0,3.5,0,0,0,0,0,0,2010,1,115,1,-1,-1,-1
652,2,1,0,3,1,0,0,1,0,0,2011,1,115,1,0.428571428571429,0.571428571428571,0.428571428571429
652,3,1,0,3.5,1,1,0,1,0,0,2012,1,115,1,0.461538461538462,0.692307692307692,0.615384615384615
653,3,1,0,4.5,0,0,0,0,0,1,2012,1,115,1,0,0,0
653,4,1,0,4,0,0,0,1,0,0,2013,1,115,1,0.333333333333333,0.333333333333333,0.333333333333333
654,2,1,1,4.5,0,0,0,0,0,0,2011,1,115,1,0,0,0
654,3,1,1,4.5,0,0,0,0,0,0,2012,1,115,1,0,1,1
654,4,1,1,4.5,0,1,0,0,0,0,2013,1,115,1,0,0,0
656,1,1,1,4.5,0,0,0,0,0,0,2010,1,115,1,-1,-1,-1
656,2,1,1,4.5,0,0,0,0,0,0,2011,1,115,1,0,0.6,0
656,4,1,1,4.5,0,1,0,0,0,0,2013,1,115,1,0,0,0
657,1,1,1,3,0,1,0,0,0,0,2010,1,115,1,-1,-1,-1
657,2,1,1,3.5,0,1,0,0,0,0,2011,1,115,1,0,0.363636363636364,0.0909090909090909
657,3,1,1,3.5,0,1,0,0,0,0,2012,1,115,1,0,0.777777777777778,0.222222222222222
657,4,1,1,3.5,0,1,0,0,0,0,2013,1,115,1,0,0.6,0.2
659,1,1,0,3.5,0,0,0,0,0,1,2010,1,115,1,-1,-1,-1
659,2,1,0,3.5,0,0,0,0,0,1,2011,1,115,1,0,0.125,0
659,3,1,0,3.5,0,1,0,0,0,1,2012,1,115,1,0.25,0,0.25
659,4,1,0,3.5,0,1,0,0,1,1,2013,1,115,1,0.333333333333333,0.333333333333333,0.333333333333333
660,1,0,0,5,0,0,0,1,0,1,2010,1,115,1,-1,-1,-1
660,2,0,0,5,0,0,0,1,0,1,2011,1,115,1,0.1,0.4,0
660,3,0,0,5,0,0,0,1,0,1,2012,1,115,1,0,0.25,0
660,4,0,0,5,0,0,0,1,1,0,2013,1,115,1,0.25,0.5,0.25
661,1,1,0,4.5,0,0,0,0,0,0,2010,1,115,1,-1,-1,-1
661,2,1,0,4.5,0,0,0,0,0,0,2011,1,115,1,0,0,0
661,3,1,0,4.5,0,0,0,0,0,0,2012,1,115,1,0,0,0
661,4,1,0,4,0,0,0,0,0,0,2013,1,115,1,0.125,0.5,0.25
662,1,1,1,4.5,0,0,0,0,0,0,2010,1,115,1,-1,-1,-1
662,2,1,1,4.5,0,0,0,0,0,0,2011,1,115,1,0.285714285714286,0.428571428571429,0.285714285714286
662,3,1,1,4.5,0,0,0,0,0,0,2012,1,115,1,0.25,0.625,0.25
662,4,1,1,4.5,0,0,0,0,0,0,2013,1,115,1,0,0.875,0
